Workbook

Sheet DIF-Rasch-GLP
A1: UJI RASCH DIF (Pendekatan PROX) — Skema GLP
A3: Ambang DIF (logit) - Moderat | B3: 0.5 | N3: Ringkasan Signifikansi Statistik (t-test) | Q3: Ringkasan Kesimpulan Praktis (Kontras)
A4: Ambang DIF (logit) - Besar | B4: 1 | N4: DIF Besar - review | O4: =COUNTIF($AA$11:$AA$110,"DIF Besar - review") -> 0 | Q4: Berpotensi Bias - Tinjau Konten | R4: =COUNTIF($AB$11:$AB$110,"Berpotensi Bias - Tinjau Konten") -> 0
A5: Ambang |t| minimum | B5: 2 | N5: DIF Moderat - cek | O5: =COUNTIF($AA$11:$AA$110,"DIF Moderat - cek") -> 0 | Q5: Indikasi Ringan - Pantau | R5: =COUNTIF($AB$11:$AB$110,"Indikasi Ringan - Pantau") -> 0
A6: Kontras DIF Maksimum (data ini) | B6: =_xlfn.AGGREGATE(14,6,ABS(X11:X110),1) -> 0 | N6: Negligible | O6: =COUNTIF($AA$11:$AA$110,"Negligible") -> 100 | Q6: Tidak Ada Indikasi Bias | R6: =COUNTIF($AB$11:$AB$110,"Tidak Ada Indikasi Bias") -> 100
A8: Jenis Kelamin | B8: =GLP!B2 -> Perempuan | C8: =GLP!C2 -> Laki-Laki | D8: =GLP!D2 -> Perempuan | E8: =GLP!E2 -> Perempuan | F8: =GLP!F2 -> Laki-Laki | G8: =GLP!G2 -> Laki-Laki | H8: =GLP!H2 -> Perempuan | I8: =GLP!I2 -> Laki-Laki | ... K8: =GLP!K2 -> Laki-Laki
A9: Soal | B9: Asesi | L9: N (L) | M9: N (P) | N9: S (L) | O9: S (P) | P9: S adj (L) | Q9: S adj (P) | R9: β mentah (L) | S9: β mentah (P) | T9: β center (L) | U9: β center (P) | V9: SE (L) | W9: SE (P) | X9: Kontras DIF | Y9: SE Gabungan | Z9: t-stat | AA9: Klasifikasi DIF | AB9: Kesimpulan Praktis (Kontras)
B10: 1 | C10: 2 | D10: 3 | E10: 4 | F10: 5 | G10: 6 | H10: 7 | I10: 8 | J10: 9 | K10: 10
A11: =GLP!A5 -> 1. Dalam penerapan GLP, pendekatan manajemen terhadap kendali analisis sangat berbeda dengan standar ISO 17025. Apa perbedaan mendasar tersebut berdasarkan kriteria unjuk kerja? | B11: =GLP!B5 -> 1 | C11: =GLP!C5 -> 1 | D11: =GLP!D5 -> 0 | E11: =GLP!E5 -> 0 | F11: =GLP!F5 -> 0 | G11: =GLP!G5 -> 0 | H11: =GLP!H5 -> 0 | ... K11: =GLP!K5 -> 0 | L11: =COUNTIF($B$8:$K$8,"Laki-Laki") -> 5 | M11: =COUNTIF($B$8:$K$8,"Perempuan") -> 5 | N11: =SUMIF($B$8:$K$8,"Laki-Laki",GLP!B5:K5) -> 1 | O11: =SUMIF($B$8:$K$8,"Perempuan",GLP!B5:K5) -> 1 | P11: =IF(N11=0,0.3,IF(N11=L11,L11-0.3,N11)) -> 1 | Q11: =IF(O11=0,0.3,IF(O11=M11,M11-0.3,O11)) -> 1 | R11: =LN((L11-P11)/P11) -> 1.3862944 | S11: =LN((M11-Q11)/Q11) -> 1.3862944 | T11: =R11-AVERAGE($R$11:$R$110) -> 1.4792803 | U11: =S11-AVERAGE($S$11:$S$110) -> 1.4792803 | V11: =SQRT(1/P11+1/(L11-P11)) -> 1.118034 | W11: =SQRT(1/Q11+1/(M11-Q11)) -> 1.118034 | X11: =T11-U11 -> 0 | Y11: =SQRT(V11^2+W11^2) -> 1.5811388 | Z11: =X11/Y11 -> 0 | AA11: =IF(AND(ABS(X11)>=$B$4,ABS(Z11)>=$B$5),"DIF Besar - review",IF(AND(ABS(X11)>=$B$3,ABS(Z11)>=$B$5),"DIF Moderat - cek","Negligible")) -> Negligible | AB11: =IF(ABS(X11)>=$B$4,"Berpotensi Bias - Tinjau Konten",IF(ABS(X11)>=$B$3,"Indikasi Ringan - Pantau","Tidak Ada Indikasi Bias")) -> Tidak Ada Indikasi Bias
A12: =GLP!A6 -> 2. Aspek paling kritis yang menjadi fokus utama dalam penilaian kesiapan struktur organisasi berstandar GLP adalah... | B12: =GLP!B6 -> 1 | C12: =GLP!C6 -> 1 | D12: =GLP!D6 -> 0 | E12: =GLP!E6 -> 0 | F12: =GLP!F6 -> 0 | G12: =GLP!G6 -> 0 | H12: =GLP!H6 -> 1 | ... K12: =GLP!K6 -> 1 | L12: =COUNTIF($B$8:$K$8,"Laki-Laki") -> 5 | M12: =COUNTIF($B$8:$K$8,"Perempuan") -> 5 | N12: =SUMIF($B$8:$K$8,"Laki-Laki",GLP!B6:K6) -> 3 | O12: =SUMIF($B$8:$K$8,"Perempuan",GLP!B6:K6) -> 3 | P12: =IF(N12=0,0.3,IF(N12=L12,L12-0.3,N12)) -> 3 | Q12: =IF(O12=0,0.3,IF(O12=M12,M12-0.3,O12)) -> 3 | R12: =LN((L12-P12)/P12) -> -0.40546511 | S12: =LN((M12-Q12)/Q12) -> -0.40546511 | T12: =R12-AVERAGE($R$11:$R$110) -> -0.31247915 | U12: =S12-AVERAGE($S$11:$S$110) -> -0.31247915 | V12: =SQRT(1/P12+1/(L12-P12)) -> 0.91287093 | W12: =SQRT(1/Q12+1/(M12-Q12)) -> 0.91287093 | X12: =T12-U12 -> 0 | Y12: =SQRT(V12^2+W12^2) -> 1.2909944 | Z12: =X12/Y12 -> 0 | AA12: =IF(AND(ABS(X12)>=$B$4,ABS(Z12)>=$B$5),"DIF Besar - review",IF(AND(ABS(X12)>=$B$3,ABS(Z12)>=$B$5),"DIF Moderat - cek","Negligible")) -> Negligible | AB12: =IF(ABS(X12)>=$B$4,"Berpotensi Bias - Tinjau Konten",IF(ABS(X12)>=$B$3,"Indikasi Ringan - Pantau","Tidak Ada Indikasi Bias")) -> Tidak Ada Indikasi Bias
A13: =GLP!A7 -> 3. Hierarki dokumen mutu dalam GLP diatur sedemikian rupa untuk memastikan kejelasan operasional. Kedudukan dokumen Rencana Analisis dalam sistem ini adalah... | B13: =GLP!B7 -> 1 | C13: =GLP!C7 -> 1 | D13: =GLP!D7 -> 0 | E13: =GLP!E7 -> 1 | F13: =GLP!F7 -> 0 | G13: =GLP!G7 -> 1 | H13: =GLP!H7 -> 1 | ... K13: =GLP!K7 -> 1 | L13: =COUNTIF($B$8:$K$8,"Laki-Laki") -> 5 | M13: =COUNTIF($B$8:$K$8,"Perempuan") -> 5 | N13: =SUMIF($B$8:$K$8,"Laki-Laki",GLP!B7:K7) -> 4 | O13: =SUMIF($B$8:$K$8,"Perempuan",GLP!B7:K7) -> 4 | P13: =IF(N13=0,0.3,IF(N13=L13,L13-0.3,N13)) -> 4 | Q13: =IF(O13=0,0.3,IF(O13=M13,M13-0.3,O13)) -> 4 | R13: =LN((L13-P13)/P13) -> -1.3862944 | S13: =LN((M13-Q13)/Q13) -> -1.3862944 | T13: =R13-AVERAGE($R$11:$R$110) -> -1.2933084 | U13: =S13-AVERAGE($S$11:$S$110) -> -1.2933084 | V13: =SQRT(1/P13+1/(L13-P13)) -> 1.118034 | W13: =SQRT(1/Q13+1/(M13-Q13)) -> 1.118034 | X13: =T13-U13 -> 0 | Y13: =SQRT(V13^2+W13^2) -> 1.5811388 | Z13: =X13/Y13 -> 0 | AA13: =IF(AND(ABS(X13)>=$B$4,ABS(Z13)>=$B$5),"DIF Besar - review",IF(AND(ABS(X13)>=$B$3,ABS(Z13)>=$B$5),"DIF Moderat - cek","Negligible")) -> Negligible | AB13: =IF(ABS(X13)>=$B$4,"Berpotensi Bias - Tinjau Konten",IF(ABS(X13)>=$B$3,"Indikasi Ringan - Pantau","Tidak Ada Indikasi Bias")) -> Tidak Ada Indikasi Bias
A14: =GLP!A8 -> 4. Jika seorang analis menemukan SOP yang sudah usang di area kerjanya, tindakan apa yang diwajibkan oleh prosedur GLP? | B14: =GLP!B8 -> 1 | C14: =GLP!C8 -> 1 | D14: =GLP!D8 -> 1 | E14: =GLP!E8 -> 1 | F14: =GLP!F8 -> 1 | G14: =GLP!G8 -> 1 | H14: =GLP!H8 -> 0 | ... K14: =GLP!K8 -> 0 | L14: =COUNTIF($B$8:$K$8,"Laki-Laki") -> 5 | M14: =COUNTIF($B$8:$K$8,"Perempuan") -> 5 | N14: =SUMIF($B$8:$K$8,"Laki-Laki",GLP!B8:K8) -> 3 | O14: =SUMIF($B$8:$K$8,"Perempuan",GLP!B8:K8) -> 3 | P14: =IF(N14=0,0.3,IF(N14=L14,L14-0.3,N14)) -> 3 | Q14: =IF(O14=0,0.3,IF(O14=M14,M14-0.3,O14)) -> 3 | R14: =LN((L14-P14)/P14) -> -0.40546511 | S14: =LN((M14-Q14)/Q14) -> -0.40546511 | T14: =R14-AVERAGE($R$11:$R$110) -> -0.31247915 | U14: =S14-AVERAGE($S$11:$S$110) -> -0.31247915 | V14: =SQRT(1/P14+1/(L14-P14)) -> 0.91287093 | W14: =SQRT(1/Q14+1/(M14-Q14)) -> 0.91287093 | X14: =T14-U14 -> 0 | Y14: =SQRT(V14^2+W14^2) -> 1.2909944 | Z14: =X14/Y14 -> 0 | AA14: =IF(AND(ABS(X14)>=$B$4,ABS(Z14)>=$B$5),"DIF Besar - review",IF(AND(ABS(X14)>=$B$3,ABS(Z14)>=$B$5),"DIF Moderat - cek","Negligible")) -> Negligible | AB14: =IF(ABS(X14)>=$B$4,"Berpotensi Bias - Tinjau Konten",IF(ABS(X14)>=$B$3,"Indikasi Ringan - Pantau","Tidak Ada Indikasi Bias")) -> Tidak Ada Indikasi Bias
A15: =GLP!A9 -> 5. Tujuan utama diterapkannya sistem pemisahan fasilitas (zoning) di dalam laboratorium GLP adalah untuk... | B15: =GLP!B9 -> 1 | C15: =GLP!C9 -> 1 | D15: =GLP!D9 -> 1 | E15: =GLP!E9 -> 0 | F15: =GLP!F9 -> 1 | G15: =GLP!G9 -> 0 | H15: =GLP!H9 -> 1 | ... K15: =GLP!K9 -> 0 | L15: =COUNTIF($B$8:$K$8,"Laki-Laki") -> 5 | M15: =COUNTIF($B$8:$K$8,"Perempuan") -> 5 | N15: =SUMIF($B$8:$K$8,"Laki-Laki",GLP!B9:K9) -> 3 | O15: =SUMIF($B$8:$K$8,"Perempuan",GLP!B9:K9) -> 3 | P15: =IF(N15=0,0.3,IF(N15=L15,L15-0.3,N15)) -> 3 | Q15: =IF(O15=0,0.3,IF(O15=M15,M15-0.3,O15)) -> 3 | R15: =LN((L15-P15)/P15) -> -0.40546511 | S15: =LN((M15-Q15)/Q15) -> -0.40546511 | T15: =R15-AVERAGE($R$11:$R$110) -> -0.31247915 | U15: =S15-AVERAGE($S$11:$S$110) -> -0.31247915 | V15: =SQRT(1/P15+1/(L15-P15)) -> 0.91287093 | W15: =SQRT(1/Q15+1/(M15-Q15)) -> 0.91287093 | X15: =T15-U15 -> 0 | Y15: =SQRT(V15^2+W15^2) -> 1.2909944 | Z15: =X15/Y15 -> 0 | AA15: =IF(AND(ABS(X15)>=$B$4,ABS(Z15)>=$B$5),"DIF Besar - review",IF(AND(ABS(X15)>=$B$3,ABS(Z15)>=$B$5),"DIF Moderat - cek","Negligible")) -> Negligible | AB15: =IF(ABS(X15)>=$B$4,"Berpotensi Bias - Tinjau Konten",IF(ABS(X15)>=$B$3,"Indikasi Ringan - Pantau","Tidak Ada Indikasi Bias")) -> Tidak Ada Indikasi Bias
A16: =GLP!A10 -> 6. Berdasarkan persyaratan manajemen bahan kimia dalam GLP, syarat mutlak sebelum bahan pengujian dapat digunakan adalah memiliki Certificate of Analysis (CoA). Komponen informasi apa saja yang wajib ada dalam CoA tersebut? | B16: =GLP!B10 -> 1 | C16: =GLP!C10 -> 1 | D16: =GLP!D10 -> 1 | E16: =GLP!E10 -> 0 | F16: =GLP!F10 -> 1 | G16: =GLP!G10 -> 0 | H16: =GLP!H10 -> 0 | ... K16: =GLP!K10 -> 1 | L16: =COUNTIF($B$8:$K$8,"Laki-Laki") -> 5 | M16: =COUNTIF($B$8:$K$8,"Perempuan") -> 5 | N16: =SUMIF($B$8:$K$8,"Laki-Laki",GLP!B10:K10) -> 3 | O16: =SUMIF($B$8:$K$8,"Perempuan",GLP!B10:K10) -> 3 | P16: =IF(N16=0,0.3,IF(N16=L16,L16-0.3,N16)) -> 3 | Q16: =IF(O16=0,0.3,IF(O16=M16,M16-0.3,O16)) -> 3 | R16: =LN((L16-P16)/P16) -> -0.40546511 | S16: =LN((M16-Q16)/Q16) -> -0.40546511 | T16: =R16-AVERAGE($R$11:$R$110) -> -0.31247915 | U16: =S16-AVERAGE($S$11:$S$110) -> -0.31247915 | V16: =SQRT(1/P16+1/(L16-P16)) -> 0.91287093 | W16: =SQRT(1/Q16+1/(M16-Q16)) -> 0.91287093 | X16: =T16-U16 -> 0 | Y16: =SQRT(V16^2+W16^2) -> 1.2909944 | Z16: =X16/Y16 -> 0 | AA16: =IF(AND(ABS(X16)>=$B$4,ABS(Z16)>=$B$5),"DIF Besar - review",IF(AND(ABS(X16)>=$B$3,ABS(Z16)>=$B$5),"DIF Moderat - cek","Negligible")) -> Negligible | AB16: =IF(ABS(X16)>=$B$4,"Berpotensi Bias - Tinjau Konten",IF(ABS(X16)>=$B$3,"Indikasi Ringan - Pantau","Tidak Ada Indikasi Bias")) -> Tidak Ada Indikasi Bias
A17: =GLP!A11 -> 7. Apa kebijakan GLP terhadap bahan kimia atau reagen yang telah melewati tanggal kadaluarsa? | B17: =GLP!B11 -> 1 | C17: =GLP!C11 -> 1 | D17: =GLP!D11 -> 1 | E17: =GLP!E11 -> 1 | F17: =GLP!F11 -> 1 | G17: =GLP!G11 -> 1 | H17: =GLP!H11 -> 0 | ... K17: =GLP!K11 -> 1 | L17: =COUNTIF($B$8:$K$8,"Laki-Laki") -> 5 | M17: =COUNTIF($B$8:$K$8,"Perempuan") -> 5 | N17: =SUMIF($B$8:$K$8,"Laki-Laki",GLP!B11:K11) -> 4 | O17: =SUMIF($B$8:$K$8,"Perempuan",GLP!B11:K11) -> 4 | P17: =IF(N17=0,0.3,IF(N17=L17,L17-0.3,N17)) -> 4 | Q17: =IF(O17=0,0.3,IF(O17=M17,M17-0.3,O17)) -> 4 | R17: =LN((L17-P17)/P17) -> -1.3862944 | S17: =LN((M17-Q17)/Q17) -> -1.3862944 | T17: =R17-AVERAGE($R$11:$R$110) -> -1.2933084 | U17: =S17-AVERAGE($S$11:$S$110) -> -1.2933084 | V17: =SQRT(1/P17+1/(L17-P17)) -> 1.118034 | W17: =SQRT(1/Q17+1/(M17-Q17)) -> 1.118034 | X17: =T17-U17 -> 0 | Y17: =SQRT(V17^2+W17^2) -> 1.5811388 | Z17: =X17/Y17 -> 0 | AA17: =IF(AND(ABS(X17)>=$B$4,ABS(Z17)>=$B$5),"DIF Besar - review",IF(AND(ABS(X17)>=$B$3,ABS(Z17)>=$B$5),"DIF Moderat - cek","Negligible")) -> Negligible | AB17: =IF(ABS(X17)>=$B$4,"Berpotensi Bias - Tinjau Konten",IF(ABS(X17)>=$B$3,"Indikasi Ringan - Pantau","Tidak Ada Indikasi Bias")) -> Tidak Ada Indikasi Bias
A18: =GLP!A12 -> 8. Bukti objektif yang sah untuk menunjukkan bahwa struktur organisasi laboratorium telah mematuhi prinsip independensi GLP adalah... | B18: =GLP!B12 -> 1 | C18: =GLP!C12 -> 1 | D18: =GLP!D12 -> 1 | E18: =GLP!E12 -> 0 | F18: =GLP!F12 -> 1 | G18: =GLP!G12 -> 0 | H18: =GLP!H12 -> 0 | ... K18: =GLP!K12 -> 0 | L18: =COUNTIF($B$8:$K$8,"Laki-Laki") -> 5 | M18: =COUNTIF($B$8:$K$8,"Perempuan") -> 5 | N18: =SUMIF($B$8:$K$8,"Laki-Laki",GLP!B12:K12) -> 2 | O18: =SUMIF($B$8:$K$8,"Perempuan",GLP!B12:K12) -> 2 | P18: =IF(N18=0,0.3,IF(N18=L18,L18-0.3,N18)) -> 2 | Q18: =IF(O18=0,0.3,IF(O18=M18,M18-0.3,O18)) -> 2 | R18: =LN((L18-P18)/P18) -> 0.40546511 | S18: =LN((M18-Q18)/Q18) -> 0.40546511 | T18: =R18-AVERAGE($R$11:$R$110) -> 0.49845106 | U18: =S18-AVERAGE($S$11:$S$110) -> 0.49845106 | V18: =SQRT(1/P18+1/(L18-P18)) -> 0.91287093 | W18: =SQRT(1/Q18+1/(M18-Q18)) -> 0.91287093 | X18: =T18-U18 -> 0 | Y18: =SQRT(V18^2+W18^2) -> 1.2909944 | Z18: =X18/Y18 -> 0 | AA18: =IF(AND(ABS(X18)>=$B$4,ABS(Z18)>=$B$5),"DIF Besar - review",IF(AND(ABS(X18)>=$B$3,ABS(Z18)>=$B$5),"DIF Moderat - cek","Negligible")) -> Negligible | AB18: =IF(ABS(X18)>=$B$4,"Berpotensi Bias - Tinjau Konten",IF(ABS(X18)>=$B$3,"Indikasi Ringan - Pantau","Tidak Ada Indikasi Bias")) -> Tidak Ada Indikasi Bias
A19: =GLP!A13 -> 9. Manajemen peralatan laboratorium dalam GLP mencakup beberapa tahapan kritikal. Rangkaian kualifikasi alat yang benar menurut panduan penilaian adalah... | B19: =GLP!B13 -> 1 | C19: =GLP!C13 -> 1 | D19: =GLP!D13 -> 1 | E19: =GLP!E13 -> 1 | F19: =GLP!F13 -> 1 | G19: =GLP!G13 -> 1 | H19: =GLP!H13 -> 0 | ... K19: =GLP!K13 -> 0 | L19: =COUNTIF($B$8:$K$8,"Laki-Laki") -> 5 | M19: =COUNTIF($B$8:$K$8,"Perempuan") -> 5 | N19: =SUMIF($B$8:$K$8,"Laki-Laki",GLP!B13:K13) -> 3 | O19: =SUMIF($B$8:$K$8,"Perempuan",GLP!B13:K13) -> 3 | P19: =IF(N19=0,0.3,IF(N19=L19,L19-0.3,N19)) -> 3 | Q19: =IF(O19=0,0.3,IF(O19=M19,M19-0.3,O19)) -> 3 | R19: =LN((L19-P19)/P19) -> -0.40546511 | S19: =LN((M19-Q19)/Q19) -> -0.40546511 | T19: =R19-AVERAGE($R$11:$R$110) -> -0.31247915 | U19: =S19-AVERAGE($S$11:$S$110) -> -0.31247915 | V19: =SQRT(1/P19+1/(L19-P19)) -> 0.91287093 | W19: =SQRT(1/Q19+1/(M19-Q19)) -> 0.91287093 | X19: =T19-U19 -> 0 | Y19: =SQRT(V19^2+W19^2) -> 1.2909944 | Z19: =X19/Y19 -> 0 | AA19: =IF(AND(ABS(X19)>=$B$4,ABS(Z19)>=$B$5),"DIF Besar - review",IF(AND(ABS(X19)>=$B$3,ABS(Z19)>=$B$5),"DIF Moderat - cek","Negligible")) -> Negligible | AB19: =IF(ABS(X19)>=$B$4,"Berpotensi Bias - Tinjau Konten",IF(ABS(X19)>=$B$3,"Indikasi Ringan - Pantau","Tidak Ada Indikasi Bias")) -> Tidak Ada Indikasi Bias
A20: =GLP!A14 -> 10. Mengapa pemantauan suhu dan kelembaban (kondisi lingkungan) secara terus-menerus sangat ditekankan ? | B20: =GLP!B14 -> 0 | C20: =GLP!C14 -> 0 | D20: =GLP!D14 -> 1 | E20: =GLP!E14 -> 0 | F20: =GLP!F14 -> 1 | G20: =GLP!G14 -> 0 | H20: =GLP!H14 -> 0 | ... K20: =GLP!K14 -> 0 | L20: =COUNTIF($B$8:$K$8,"Laki-Laki") -> 5 | M20: =COUNTIF($B$8:$K$8,"Perempuan") -> 5 | N20: =SUMIF($B$8:$K$8,"Laki-Laki",GLP!B14:K14) -> 1 | O20: =SUMIF($B$8:$K$8,"Perempuan",GLP!B14:K14) -> 1 | P20: =IF(N20=0,0.3,IF(N20=L20,L20-0.3,N20)) -> 1 | Q20: =IF(O20=0,0.3,IF(O20=M20,M20-0.3,O20)) -> 1 | R20: =LN((L20-P20)/P20) -> 1.3862944 | S20: =LN((M20-Q20)/Q20) -> 1.3862944 | T20: =R20-AVERAGE($R$11:$R$110) -> 1.4792803 | U20: =S20-AVERAGE($S$11:$S$110) -> 1.4792803 | V20: =SQRT(1/P20+1/(L20-P20)) -> 1.118034 | W20: =SQRT(1/Q20+1/(M20-Q20)) -> 1.118034 | X20: =T20-U20 -> 0 | Y20: =SQRT(V20^2+W20^2) -> 1.5811388 | Z20: =X20/Y20 -> 0 | AA20: =IF(AND(ABS(X20)>=$B$4,ABS(Z20)>=$B$5),"DIF Besar - review",IF(AND(ABS(X20)>=$B$3,ABS(Z20)>=$B$5),"DIF Moderat - cek","Negligible")) -> Negligible | AB20: =IF(ABS(X20)>=$B$4,"Berpotensi Bias - Tinjau Konten",IF(ABS(X20)>=$B$3,"Indikasi Ringan - Pantau","Tidak Ada Indikasi Bias")) -> Tidak Ada Indikasi Bias
A21: =GLP!A15 -> 11. Dokumen apa yang dituntut sebagai bukti kuat bahwa personel laboratorium benar-benar telah mengakses dan memahami dokumen mutu (SOP)? | B21: =GLP!B15 -> 1 | C21: =GLP!C15 -> 1 | D21: =GLP!D15 -> 0 | E21: =GLP!E15 -> 1 | F21: =GLP!F15 -> 0 | G21: =GLP!G15 -> 1 | H21: =GLP!H15 -> 0 | ... K21: =GLP!K15 -> 0 | L21: =COUNTIF($B$8:$K$8,"Laki-Laki") -> 5 | M21: =COUNTIF($B$8:$K$8,"Perempuan") -> 5 | N21: =SUMIF($B$8:$K$8,"Laki-Laki",GLP!B15:K15) -> 2 | O21: =SUMIF($B$8:$K$8,"Perempuan",GLP!B15:K15) -> 2 | P21: =IF(N21=0,0.3,IF(N21=L21,L21-0.3,N21)) -> 2 | Q21: =IF(O21=0,0.3,IF(O21=M21,M21-0.3,O21)) -> 2 | R21: =LN((L21-P21)/P21) -> 0.40546511 | S21: =LN((M21-Q21)/Q21) -> 0.40546511 | T21: =R21-AVERAGE($R$11:$R$110) -> 0.49845106 | U21: =S21-AVERAGE($S$11:$S$110) -> 0.49845106 | V21: =SQRT(1/P21+1/(L21-P21)) -> 0.91287093 | W21: =SQRT(1/Q21+1/(M21-Q21)) -> 0.91287093 | X21: =T21-U21 -> 0 | Y21: =SQRT(V21^2+W21^2) -> 1.2909944 | Z21: =X21/Y21 -> 0 | AA21: =IF(AND(ABS(X21)>=$B$4,ABS(Z21)>=$B$5),"DIF Besar - review",IF(AND(ABS(X21)>=$B$3,ABS(Z21)>=$B$5),"DIF Moderat - cek","Negligible")) -> Negligible | AB21: =IF(ABS(X21)>=$B$4,"Berpotensi Bias - Tinjau Konten",IF(ABS(X21)>=$B$3,"Indikasi Ringan - Pantau","Tidak Ada Indikasi Bias")) -> Tidak Ada Indikasi Bias
A22: =GLP!A16 -> 12. Manakah dari pilihan berikut yang merupakan contoh implementasi zoning (pemisahan fasilitas) yang tepat menurut panduan GLP? | B22: =GLP!B16 -> 1 | C22: =GLP!C16 -> 1 | D22: =GLP!D16 -> 1 | E22: =GLP!E16 -> 0 | F22: =GLP!F16 -> 1 | G22: =GLP!G16 -> 0 | H22: =GLP!H16 -> 0 | ... K22: =GLP!K16 -> 0 | L22: =COUNTIF($B$8:$K$8,"Laki-Laki") -> 5 | M22: =COUNTIF($B$8:$K$8,"Perempuan") -> 5 | N22: =SUMIF($B$8:$K$8,"Laki-Laki",GLP!B16:K16) -> 2 | O22: =SUMIF($B$8:$K$8,"Perempuan",GLP!B16:K16) -> 2 | P22: =IF(N22=0,0.3,IF(N22=L22,L22-0.3,N22)) -> 2 | Q22: =IF(O22=0,0.3,IF(O22=M22,M22-0.3,O22)) -> 2 | R22: =LN((L22-P22)/P22) -> 0.40546511 | S22: =LN((M22-Q22)/Q22) -> 0.40546511 | T22: =R22-AVERAGE($R$11:$R$110) -> 0.49845106 | U22: =S22-AVERAGE($S$11:$S$110) -> 0.49845106 | V22: =SQRT(1/P22+1/(L22-P22)) -> 0.91287093 | W22: =SQRT(1/Q22+1/(M22-Q22)) -> 0.91287093 | X22: =T22-U22 -> 0 | Y22: =SQRT(V22^2+W22^2) -> 1.2909944 | Z22: =X22/Y22 -> 0 | AA22: =IF(AND(ABS(X22)>=$B$4,ABS(Z22)>=$B$5),"DIF Besar - review",IF(AND(ABS(X22)>=$B$3,ABS(Z22)>=$B$5),"DIF Moderat - cek","Negligible")) -> Negligible | AB22: =IF(ABS(X22)>=$B$4,"Berpotensi Bias - Tinjau Konten",IF(ABS(X22)>=$B$3,"Indikasi Ringan - Pantau","Tidak Ada Indikasi Bias")) -> Tidak Ada Indikasi Bias
... A110: =GLP!A104 -> 100. Skenario: Dalam formulir pembuangan sisa test item, tercatat: "Diterima: 100ml. Digunakan: 20ml. Dibuang: 80ml." Proses mencocokkan angka-angka ini agar sesuai dan tidak ada bahan yang hilang tanpa jejak disebut sebagai proses... | B110: =GLP!B104 -> 1 | C110: =GLP!C104 -> 1 | D110: =GLP!D104 -> 0 | E110: =GLP!E104 -> 1 | F110: =GLP!F104 -> 0 | G110: =GLP!G104 -> 1 | H110: =GLP!H104 -> 0 | ... K110: =GLP!K104 -> 0 | L110: =COUNTIF($B$8:$K$8,"Laki-Laki") -> 5 | M110: =COUNTIF($B$8:$K$8,"Perempuan") -> 5 | N110: =SUMIF($B$8:$K$8,"Laki-Laki",GLP!B104:K104) -> 2 | O110: =SUMIF($B$8:$K$8,"Perempuan",GLP!B104:K104) -> 2 | P110: =IF(N110=0,0.3,IF(N110=L110,L110-0.3,N110)) -> 2 | Q110: =IF(O110=0,0.3,IF(O110=M110,M110-0.3,O110)) -> 2 | R110: =LN((L110-P110)/P110) -> 0.40546511 | S110: =LN((M110-Q110)/Q110) -> 0.40546511 | T110: =R110-AVERAGE($R$11:$R$110) -> 0.49845106 | U110: =S110-AVERAGE($S$11:$S$110) -> 0.49845106 | V110: =SQRT(1/P110+1/(L110-P110)) -> 0.91287093 | W110: =SQRT(1/Q110+1/(M110-Q110)) -> 0.91287093 | X110: =T110-U110 -> 0 | Y110: =SQRT(V110^2+W110^2) -> 1.2909944 | Z110: =X110/Y110 -> 0 | AA110: =IF(AND(ABS(X110)>=$B$4,ABS(Z110)>=$B$5),"DIF Besar - review",IF(AND(ABS(X110)>=$B$3,ABS(Z110)>=$B$5),"DIF Moderat - cek","Negligible")) -> Negligible | AB110: =IF(ABS(X110)>=$B$4,"Berpotensi Bias - Tinjau Konten",IF(ABS(X110)>=$B$3,"Indikasi Ringan - Pantau","Tidak Ada Indikasi Bias")) -> Tidak Ada Indikasi Bias
B111: =SUM(B11:B110) -> 82 | C111: =SUM(C11:C110) -> 82 | D111: =SUM(D11:D110) -> 80 | E111: =SUM(E11:E110) -> 55 | F111: =SUM(F11:F110) -> 80 | G111: =SUM(G11:G110) -> 55 | H111: =SUM(H11:H110) -> 19 | I111: =SUM(I11:I110) -> 19 | ... K111: =SUM(K11:K110) -> 24

Sheet DIF-Rasch-LQO
A1: UJI RASCH DIF (Pendekatan PROX) — Skema LQO
A3: Ambang DIF (logit) - Moderat | B3: 0.5 | N3: Ringkasan Signifikansi Statistik (t-test) | Q3: Ringkasan Kesimpulan Praktis (Kontras)
A4: Ambang DIF (logit) - Besar | B4: 1 | N4: DIF Besar - review | O4: =COUNTIF($AA$11:$AA$110,"DIF Besar - review") -> 0 | Q4: Berpotensi Bias - Tinjau Konten | R4: =COUNTIF($AB$11:$AB$110,"Berpotensi Bias - Tinjau Konten") -> 0
A5: Ambang |t| minimum | B5: 2 | N5: DIF Moderat - cek | O5: =COUNTIF($AA$11:$AA$110,"DIF Moderat - cek") -> 0 | Q5: Indikasi Ringan - Pantau | R5: =COUNTIF($AB$11:$AB$110,"Indikasi Ringan - Pantau") -> 0
A6: Kontras DIF Maksimum (data ini) | B6: =_xlfn.AGGREGATE(14,6,ABS(X11:X110),1) -> 0 | N6: Negligible | O6: =COUNTIF($AA$11:$AA$110,"Negligible") -> 100 | Q6: Tidak Ada Indikasi Bias | R6: =COUNTIF($AB$11:$AB$110,"Tidak Ada Indikasi Bias") -> 100
A8: Jenis Kelamin | B8: =LQO!B2 -> Perempuan | C8: =LQO!C2 -> Laki-Laki | D8: =LQO!D2 -> Perempuan | E8: =LQO!E2 -> Perempuan | F8: =LQO!F2 -> Laki-Laki | G8: =LQO!G2 -> Laki-Laki | H8: =LQO!H2 -> Perempuan | I8: =LQO!I2 -> Laki-Laki | ... K8: =LQO!K2 -> Laki-Laki
A9: Soal | B9: Asesi | L9: N (L) | M9: N (P) | N9: S (L) | O9: S (P) | P9: S adj (L) | Q9: S adj (P) | R9: β mentah (L) | S9: β mentah (P) | T9: β center (L) | U9: β center (P) | V9: SE (L) | W9: SE (P) | X9: Kontras DIF | Y9: SE Gabungan | Z9: t-stat | AA9: Klasifikasi DIF | AB9: Kesimpulan Praktis (Kontras)
B10: 1 | C10: 2 | D10: 3 | E10: 4 | F10: 5 | G10: 6 | H10: 7 | I10: 8 | J10: 9 | K10: 10
A11: =LQO!A5 -> 1. Apa makna "Ketidakberpihakan" dalam konteks laboratorium ISO 17025? | B11: =LQO!B5 -> 1 | C11: =LQO!C5 -> 1 | D11: =LQO!D5 -> 1 | E11: =LQO!E5 -> 0 | F11: =LQO!F5 -> 1 | G11: =LQO!G5 -> 0 | H11: =LQO!H5 -> 0 | ... K11: =LQO!K5 -> 1 | L11: =COUNTIF($B$8:$K$8,"Laki-Laki") -> 5 | M11: =COUNTIF($B$8:$K$8,"Perempuan") -> 5 | N11: =SUMIF($B$8:$K$8,"Laki-Laki",LQO!B5:K5) -> 3 | O11: =SUMIF($B$8:$K$8,"Perempuan",LQO!B5:K5) -> 3 | P11: =IF(N11=0,0.3,IF(N11=L11,L11-0.3,N11)) -> 3 | Q11: =IF(O11=0,0.3,IF(O11=M11,M11-0.3,O11)) -> 3 | R11: =LN((L11-P11)/P11) -> -0.40546511 | S11: =LN((M11-Q11)/Q11) -> -0.40546511 | T11: =R11-AVERAGE($R$11:$R$110) -> -0.13670119 | U11: =S11-AVERAGE($S$11:$S$110) -> -0.13670119 | V11: =SQRT(1/P11+1/(L11-P11)) -> 0.91287093 | W11: =SQRT(1/Q11+1/(M11-Q11)) -> 0.91287093 | X11: =T11-U11 -> 0 | Y11: =SQRT(V11^2+W11^2) -> 1.2909944 | Z11: =X11/Y11 -> 0 | AA11: =IF(AND(ABS(X11)>=$B$4,ABS(Z11)>=$B$5),"DIF Besar - review",IF(AND(ABS(X11)>=$B$3,ABS(Z11)>=$B$5),"DIF Moderat - cek","Negligible")) -> Negligible | AB11: =IF(ABS(X11)>=$B$4,"Berpotensi Bias - Tinjau Konten",IF(ABS(X11)>=$B$3,"Indikasi Ringan - Pantau","Tidak Ada Indikasi Bias")) -> Tidak Ada Indikasi Bias
A12: =LQO!A6 -> 2. Anda bekerja di laboratorium internal pabrik makanan dan ditekan meluluskan sampel out of spec. Apa yang harus dilakukan? | B12: =LQO!B6 -> 1 | C12: =LQO!C6 -> 1 | D12: =LQO!D6 -> 1 | E12: =LQO!E6 -> 0 | F12: =LQO!F6 -> 1 | G12: =LQO!G6 -> 0 | H12: =LQO!H6 -> 1 | ... K12: =LQO!K6 -> 0 | L12: =COUNTIF($B$8:$K$8,"Laki-Laki") -> 5 | M12: =COUNTIF($B$8:$K$8,"Perempuan") -> 5 | N12: =SUMIF($B$8:$K$8,"Laki-Laki",LQO!B6:K6) -> 3 | O12: =SUMIF($B$8:$K$8,"Perempuan",LQO!B6:K6) -> 3 | P12: =IF(N12=0,0.3,IF(N12=L12,L12-0.3,N12)) -> 3 | Q12: =IF(O12=0,0.3,IF(O12=M12,M12-0.3,O12)) -> 3 | R12: =LN((L12-P12)/P12) -> -0.40546511 | S12: =LN((M12-Q12)/Q12) -> -0.40546511 | T12: =R12-AVERAGE($R$11:$R$110) -> -0.13670119 | U12: =S12-AVERAGE($S$11:$S$110) -> -0.13670119 | V12: =SQRT(1/P12+1/(L12-P12)) -> 0.91287093 | W12: =SQRT(1/Q12+1/(M12-Q12)) -> 0.91287093 | X12: =T12-U12 -> 0 | Y12: =SQRT(V12^2+W12^2) -> 1.2909944 | Z12: =X12/Y12 -> 0 | AA12: =IF(AND(ABS(X12)>=$B$4,ABS(Z12)>=$B$5),"DIF Besar - review",IF(AND(ABS(X12)>=$B$3,ABS(Z12)>=$B$5),"DIF Moderat - cek","Negligible")) -> Negligible | AB12: =IF(ABS(X12)>=$B$4,"Berpotensi Bias - Tinjau Konten",IF(ABS(X12)>=$B$3,"Indikasi Ringan - Pantau","Tidak Ada Indikasi Bias")) -> Tidak Ada Indikasi Bias
A13: =LQO!A7 -> 3. Manakah situasi berikut yang merupakan risiko terhadap ketidakberpihakan? | B13: =LQO!B7 -> 1 | C13: =LQO!C7 -> 1 | D13: =LQO!D7 -> 0 | E13: =LQO!E7 -> 1 | F13: =LQO!F7 -> 0 | G13: =LQO!G7 -> 1 | H13: =LQO!H7 -> 0 | ... K13: =LQO!K7 -> 0 | L13: =COUNTIF($B$8:$K$8,"Laki-Laki") -> 5 | M13: =COUNTIF($B$8:$K$8,"Perempuan") -> 5 | N13: =SUMIF($B$8:$K$8,"Laki-Laki",LQO!B7:K7) -> 2 | O13: =SUMIF($B$8:$K$8,"Perempuan",LQO!B7:K7) -> 2 | P13: =IF(N13=0,0.3,IF(N13=L13,L13-0.3,N13)) -> 2 | Q13: =IF(O13=0,0.3,IF(O13=M13,M13-0.3,O13)) -> 2 | R13: =LN((L13-P13)/P13) -> 0.40546511 | S13: =LN((M13-Q13)/Q13) -> 0.40546511 | T13: =R13-AVERAGE($R$11:$R$110) -> 0.67422903 | U13: =S13-AVERAGE($S$11:$S$110) -> 0.67422903 | V13: =SQRT(1/P13+1/(L13-P13)) -> 0.91287093 | W13: =SQRT(1/Q13+1/(M13-Q13)) -> 0.91287093 | X13: =T13-U13 -> 0 | Y13: =SQRT(V13^2+W13^2) -> 1.2909944 | Z13: =X13/Y13 -> 0 | AA13: =IF(AND(ABS(X13)>=$B$4,ABS(Z13)>=$B$5),"DIF Besar - review",IF(AND(ABS(X13)>=$B$3,ABS(Z13)>=$B$5),"DIF Moderat - cek","Negligible")) -> Negligible | AB13: =IF(ABS(X13)>=$B$4,"Berpotensi Bias - Tinjau Konten",IF(ABS(X13)>=$B$3,"Indikasi Ringan - Pantau","Tidak Ada Indikasi Bias")) -> Tidak Ada Indikasi Bias
A14: =LQO!A8 -> 4. Jika risiko ketidakberpihakan teridentifikasi, laboratorium harus: | B14: =LQO!B8 -> 1 | C14: =LQO!C8 -> 1 | D14: =LQO!D8 -> 1 | E14: =LQO!E8 -> 1 | F14: =LQO!F8 -> 1 | G14: =LQO!G8 -> 1 | H14: =LQO!H8 -> 0 | ... K14: =LQO!K8 -> 1 | L14: =COUNTIF($B$8:$K$8,"Laki-Laki") -> 5 | M14: =COUNTIF($B$8:$K$8,"Perempuan") -> 5 | N14: =SUMIF($B$8:$K$8,"Laki-Laki",LQO!B8:K8) -> 4 | O14: =SUMIF($B$8:$K$8,"Perempuan",LQO!B8:K8) -> 4 | P14: =IF(N14=0,0.3,IF(N14=L14,L14-0.3,N14)) -> 4 | Q14: =IF(O14=0,0.3,IF(O14=M14,M14-0.3,O14)) -> 4 | R14: =LN((L14-P14)/P14) -> -1.3862944 | S14: =LN((M14-Q14)/Q14) -> -1.3862944 | T14: =R14-AVERAGE($R$11:$R$110) -> -1.1175304 | U14: =S14-AVERAGE($S$11:$S$110) -> -1.1175304 | V14: =SQRT(1/P14+1/(L14-P14)) -> 1.118034 | W14: =SQRT(1/Q14+1/(M14-Q14)) -> 1.118034 | X14: =T14-U14 -> 0 | Y14: =SQRT(V14^2+W14^2) -> 1.5811388 | Z14: =X14/Y14 -> 0 | AA14: =IF(AND(ABS(X14)>=$B$4,ABS(Z14)>=$B$5),"DIF Besar - review",IF(AND(ABS(X14)>=$B$3,ABS(Z14)>=$B$5),"DIF Moderat - cek","Negligible")) -> Negligible | AB14: =IF(ABS(X14)>=$B$4,"Berpotensi Bias - Tinjau Konten",IF(ABS(X14)>=$B$3,"Indikasi Ringan - Pantau","Tidak Ada Indikasi Bias")) -> Tidak Ada Indikasi Bias
A15: =LQO!A9 -> 5. Untuk menjaga integritas, personel laboratorium tidak boleh: | B15: =LQO!B9 -> 0 | C15: =LQO!C9 -> 0 | D15: =LQO!D9 -> 1 | E15: =LQO!E9 -> 1 | F15: =LQO!F9 -> 1 | G15: =LQO!G9 -> 1 | H15: =LQO!H9 -> 0 | ... K15: =LQO!K9 -> 0 | L15: =COUNTIF($B$8:$K$8,"Laki-Laki") -> 5 | M15: =COUNTIF($B$8:$K$8,"Perempuan") -> 5 | N15: =SUMIF($B$8:$K$8,"Laki-Laki",LQO!B9:K9) -> 2 | O15: =SUMIF($B$8:$K$8,"Perempuan",LQO!B9:K9) -> 2 | P15: =IF(N15=0,0.3,IF(N15=L15,L15-0.3,N15)) -> 2 | Q15: =IF(O15=0,0.3,IF(O15=M15,M15-0.3,O15)) -> 2 | R15: =LN((L15-P15)/P15) -> 0.40546511 | S15: =LN((M15-Q15)/Q15) -> 0.40546511 | T15: =R15-AVERAGE($R$11:$R$110) -> 0.67422903 | U15: =S15-AVERAGE($S$11:$S$110) -> 0.67422903 | V15: =SQRT(1/P15+1/(L15-P15)) -> 0.91287093 | W15: =SQRT(1/Q15+1/(M15-Q15)) -> 0.91287093 | X15: =T15-U15 -> 0 | Y15: =SQRT(V15^2+W15^2) -> 1.2909944 | Z15: =X15/Y15 -> 0 | AA15: =IF(AND(ABS(X15)>=$B$4,ABS(Z15)>=$B$5),"DIF Besar - review",IF(AND(ABS(X15)>=$B$3,ABS(Z15)>=$B$5),"DIF Moderat - cek","Negligible")) -> Negligible | AB15: =IF(ABS(X15)>=$B$4,"Berpotensi Bias - Tinjau Konten",IF(ABS(X15)>=$B$3,"Indikasi Ringan - Pantau","Tidak Ada Indikasi Bias")) -> Tidak Ada Indikasi Bias
A16: =LQO!A10 -> 6. Komitmen manajemen puncak terhadap ketidakberpihakan harus: | B16: =LQO!B10 -> 0 | C16: =LQO!C10 -> 0 | D16: =LQO!D10 -> 1 | E16: =LQO!E10 -> 0 | F16: =LQO!F10 -> 1 | G16: =LQO!G10 -> 0 | H16: =LQO!H10 -> 0 | ... K16: =LQO!K10 -> 0 | L16: =COUNTIF($B$8:$K$8,"Laki-Laki") -> 5 | M16: =COUNTIF($B$8:$K$8,"Perempuan") -> 5 | N16: =SUMIF($B$8:$K$8,"Laki-Laki",LQO!B10:K10) -> 1 | O16: =SUMIF($B$8:$K$8,"Perempuan",LQO!B10:K10) -> 1 | P16: =IF(N16=0,0.3,IF(N16=L16,L16-0.3,N16)) -> 1 | Q16: =IF(O16=0,0.3,IF(O16=M16,M16-0.3,O16)) -> 1 | R16: =LN((L16-P16)/P16) -> 1.3862944 | S16: =LN((M16-Q16)/Q16) -> 1.3862944 | T16: =R16-AVERAGE($R$11:$R$110) -> 1.6550583 | U16: =S16-AVERAGE($S$11:$S$110) -> 1.6550583 | V16: =SQRT(1/P16+1/(L16-P16)) -> 1.118034 | W16: =SQRT(1/Q16+1/(M16-Q16)) -> 1.118034 | X16: =T16-U16 -> 0 | Y16: =SQRT(V16^2+W16^2) -> 1.5811388 | Z16: =X16/Y16 -> 0 | AA16: =IF(AND(ABS(X16)>=$B$4,ABS(Z16)>=$B$5),"DIF Besar - review",IF(AND(ABS(X16)>=$B$3,ABS(Z16)>=$B$5),"DIF Moderat - cek","Negligible")) -> Negligible | AB16: =IF(ABS(X16)>=$B$4,"Berpotensi Bias - Tinjau Konten",IF(ABS(X16)>=$B$3,"Indikasi Ringan - Pantau","Tidak Ada Indikasi Bias")) -> Tidak Ada Indikasi Bias
A17: =LQO!A11 -> 7. Tekanan finansial yang mengganggu ketidakberpihakan contohnya: | B17: =LQO!B11 -> 1 | C17: =LQO!C11 -> 1 | D17: =LQO!D11 -> 1 | E17: =LQO!E11 -> 1 | F17: =LQO!F11 -> 1 | G17: =LQO!G11 -> 1 | H17: =LQO!H11 -> 0 | ... K17: =LQO!K11 -> 0 | L17: =COUNTIF($B$8:$K$8,"Laki-Laki") -> 5 | M17: =COUNTIF($B$8:$K$8,"Perempuan") -> 5 | N17: =SUMIF($B$8:$K$8,"Laki-Laki",LQO!B11:K11) -> 3 | O17: =SUMIF($B$8:$K$8,"Perempuan",LQO!B11:K11) -> 3 | P17: =IF(N17=0,0.3,IF(N17=L17,L17-0.3,N17)) -> 3 | Q17: =IF(O17=0,0.3,IF(O17=M17,M17-0.3,O17)) -> 3 | R17: =LN((L17-P17)/P17) -> -0.40546511 | S17: =LN((M17-Q17)/Q17) -> -0.40546511 | T17: =R17-AVERAGE($R$11:$R$110) -> -0.13670119 | U17: =S17-AVERAGE($S$11:$S$110) -> -0.13670119 | V17: =SQRT(1/P17+1/(L17-P17)) -> 0.91287093 | W17: =SQRT(1/Q17+1/(M17-Q17)) -> 0.91287093 | X17: =T17-U17 -> 0 | Y17: =SQRT(V17^2+W17^2) -> 1.2909944 | Z17: =X17/Y17 -> 0 | AA17: =IF(AND(ABS(X17)>=$B$4,ABS(Z17)>=$B$5),"DIF Besar - review",IF(AND(ABS(X17)>=$B$3,ABS(Z17)>=$B$5),"DIF Moderat - cek","Negligible")) -> Negligible | AB17: =IF(ABS(X17)>=$B$4,"Berpotensi Bias - Tinjau Konten",IF(ABS(X17)>=$B$3,"Indikasi Ringan - Pantau","Tidak Ada Indikasi Bias")) -> Tidak Ada Indikasi Bias
A18: =LQO!A12 -> 8. Siapa yang bertanggung jawab atas pengelolaan informasi laboratorium? | B18: =LQO!B12 -> 1 | C18: =LQO!C12 -> 1 | D18: =LQO!D12 -> 1 | E18: =LQO!E12 -> 1 | F18: =LQO!F12 -> 1 | G18: =LQO!G12 -> 1 | H18: =LQO!H12 -> 1 | ... K18: =LQO!K12 -> 0 | L18: =COUNTIF($B$8:$K$8,"Laki-Laki") -> 5 | M18: =COUNTIF($B$8:$K$8,"Perempuan") -> 5 | N18: =SUMIF($B$8:$K$8,"Laki-Laki",LQO!B12:K12) -> 4 | O18: =SUMIF($B$8:$K$8,"Perempuan",LQO!B12:K12) -> 4 | P18: =IF(N18=0,0.3,IF(N18=L18,L18-0.3,N18)) -> 4 | Q18: =IF(O18=0,0.3,IF(O18=M18,M18-0.3,O18)) -> 4 | R18: =LN((L18-P18)/P18) -> -1.3862944 | S18: =LN((M18-Q18)/Q18) -> -1.3862944 | T18: =R18-AVERAGE($R$11:$R$110) -> -1.1175304 | U18: =S18-AVERAGE($S$11:$S$110) -> -1.1175304 | V18: =SQRT(1/P18+1/(L18-P18)) -> 1.118034 | W18: =SQRT(1/Q18+1/(M18-Q18)) -> 1.118034 | X18: =T18-U18 -> 0 | Y18: =SQRT(V18^2+W18^2) -> 1.5811388 | Z18: =X18/Y18 -> 0 | AA18: =IF(AND(ABS(X18)>=$B$4,ABS(Z18)>=$B$5),"DIF Besar - review",IF(AND(ABS(X18)>=$B$3,ABS(Z18)>=$B$5),"DIF Moderat - cek","Negligible")) -> Negligible | AB18: =IF(ABS(X18)>=$B$4,"Berpotensi Bias - Tinjau Konten",IF(ABS(X18)>=$B$3,"Indikasi Ringan - Pantau","Tidak Ada Indikasi Bias")) -> Tidak Ada Indikasi Bias
A19: =LQO!A13 -> 9. Kapan laboratorium boleh membuka data pelanggan tanpa persetujuan? | B19: =LQO!B13 -> 1 | C19: =LQO!C13 -> 1 | D19: =LQO!D13 -> 1 | E19: =LQO!E13 -> 0 | F19: =LQO!F13 -> 1 | G19: =LQO!G13 -> 0 | H19: =LQO!H13 -> 0 | ... K19: =LQO!K13 -> 0 | L19: =COUNTIF($B$8:$K$8,"Laki-Laki") -> 5 | M19: =COUNTIF($B$8:$K$8,"Perempuan") -> 5 | N19: =SUMIF($B$8:$K$8,"Laki-Laki",LQO!B13:K13) -> 2 | O19: =SUMIF($B$8:$K$8,"Perempuan",LQO!B13:K13) -> 2 | P19: =IF(N19=0,0.3,IF(N19=L19,L19-0.3,N19)) -> 2 | Q19: =IF(O19=0,0.3,IF(O19=M19,M19-0.3,O19)) -> 2 | R19: =LN((L19-P19)/P19) -> 0.40546511 | S19: =LN((M19-Q19)/Q19) -> 0.40546511 | T19: =R19-AVERAGE($R$11:$R$110) -> 0.67422903 | U19: =S19-AVERAGE($S$11:$S$110) -> 0.67422903 | V19: =SQRT(1/P19+1/(L19-P19)) -> 0.91287093 | W19: =SQRT(1/Q19+1/(M19-Q19)) -> 0.91287093 | X19: =T19-U19 -> 0 | Y19: =SQRT(V19^2+W19^2) -> 1.2909944 | Z19: =X19/Y19 -> 0 | AA19: =IF(AND(ABS(X19)>=$B$4,ABS(Z19)>=$B$5),"DIF Besar - review",IF(AND(ABS(X19)>=$B$3,ABS(Z19)>=$B$5),"DIF Moderat - cek","Negligible")) -> Negligible | AB19: =IF(ABS(X19)>=$B$4,"Berpotensi Bias - Tinjau Konten",IF(ABS(X19)>=$B$3,"Indikasi Ringan - Pantau","Tidak Ada Indikasi Bias")) -> Tidak Ada Indikasi Bias
A20: =LQO!A14 -> 10. Jika data pelanggan dibuka karena hukum, apa yang harus dilakukan lab? | B20: =LQO!B14 -> 1 | C20: =LQO!C14 -> 1 | D20: =LQO!D14 -> 1 | E20: =LQO!E14 -> 0 | F20: =LQO!F14 -> 1 | G20: =LQO!G14 -> 0 | H20: =LQO!H14 -> 1 | ... K20: =LQO!K14 -> 0 | L20: =COUNTIF($B$8:$K$8,"Laki-Laki") -> 5 | M20: =COUNTIF($B$8:$K$8,"Perempuan") -> 5 | N20: =SUMIF($B$8:$K$8,"Laki-Laki",LQO!B14:K14) -> 3 | O20: =SUMIF($B$8:$K$8,"Perempuan",LQO!B14:K14) -> 3 | P20: =IF(N20=0,0.3,IF(N20=L20,L20-0.3,N20)) -> 3 | Q20: =IF(O20=0,0.3,IF(O20=M20,M20-0.3,O20)) -> 3 | R20: =LN((L20-P20)/P20) -> -0.40546511 | S20: =LN((M20-Q20)/Q20) -> -0.40546511 | T20: =R20-AVERAGE($R$11:$R$110) -> -0.13670119 | U20: =S20-AVERAGE($S$11:$S$110) -> -0.13670119 | V20: =SQRT(1/P20+1/(L20-P20)) -> 0.91287093 | W20: =SQRT(1/Q20+1/(M20-Q20)) -> 0.91287093 | X20: =T20-U20 -> 0 | Y20: =SQRT(V20^2+W20^2) -> 1.2909944 | Z20: =X20/Y20 -> 0 | AA20: =IF(AND(ABS(X20)>=$B$4,ABS(Z20)>=$B$5),"DIF Besar - review",IF(AND(ABS(X20)>=$B$3,ABS(Z20)>=$B$5),"DIF Moderat - cek","Negligible")) -> Negligible | AB20: =IF(ABS(X20)>=$B$4,"Berpotensi Bias - Tinjau Konten",IF(ABS(X20)>=$B$3,"Indikasi Ringan - Pantau","Tidak Ada Indikasi Bias")) -> Tidak Ada Indikasi Bias
A21: =LQO!A15 -> 11. Informasi tentang pelanggan dari sumber selain pelanggan harus: | B21: =LQO!B15 -> 1 | C21: =LQO!C15 -> 1 | D21: =LQO!D15 -> 0 | E21: =LQO!E15 -> 0 | F21: =LQO!F15 -> 0 | G21: =LQO!G15 -> 0 | H21: =LQO!H15 -> 0 | ... K21: =LQO!K15 -> 0 | L21: =COUNTIF($B$8:$K$8,"Laki-Laki") -> 5 | M21: =COUNTIF($B$8:$K$8,"Perempuan") -> 5 | N21: =SUMIF($B$8:$K$8,"Laki-Laki",LQO!B15:K15) -> 1 | O21: =SUMIF($B$8:$K$8,"Perempuan",LQO!B15:K15) -> 1 | P21: =IF(N21=0,0.3,IF(N21=L21,L21-0.3,N21)) -> 1 | Q21: =IF(O21=0,0.3,IF(O21=M21,M21-0.3,O21)) -> 1 | R21: =LN((L21-P21)/P21) -> 1.3862944 | S21: =LN((M21-Q21)/Q21) -> 1.3862944 | T21: =R21-AVERAGE($R$11:$R$110) -> 1.6550583 | U21: =S21-AVERAGE($S$11:$S$110) -> 1.6550583 | V21: =SQRT(1/P21+1/(L21-P21)) -> 1.118034 | W21: =SQRT(1/Q21+1/(M21-Q21)) -> 1.118034 | X21: =T21-U21 -> 0 | Y21: =SQRT(V21^2+W21^2) -> 1.5811388 | Z21: =X21/Y21 -> 0 | AA21: =IF(AND(ABS(X21)>=$B$4,ABS(Z21)>=$B$5),"DIF Besar - review",IF(AND(ABS(X21)>=$B$3,ABS(Z21)>=$B$5),"DIF Moderat - cek","Negligible")) -> Negligible | AB21: =IF(ABS(X21)>=$B$4,"Berpotensi Bias - Tinjau Konten",IF(ABS(X21)>=$B$3,"Indikasi Ringan - Pantau","Tidak Ada Indikasi Bias")) -> Tidak Ada Indikasi Bias
A22: =LQO!A16 -> 12. Secara legalitas, laboratorium harus: | B22: =LQO!B16 -> 1 | C22: =LQO!C16 -> 1 | D22: =LQO!D16 -> 1 | E22: =LQO!E16 -> 0 | F22: =LQO!F16 -> 1 | G22: =LQO!G16 -> 0 | H22: =LQO!H16 -> 0 | ... K22: =LQO!K16 -> 0 | L22: =COUNTIF($B$8:$K$8,"Laki-Laki") -> 5 | M22: =COUNTIF($B$8:$K$8,"Perempuan") -> 5 | N22: =SUMIF($B$8:$K$8,"Laki-Laki",LQO!B16:K16) -> 2 | O22: =SUMIF($B$8:$K$8,"Perempuan",LQO!B16:K16) -> 2 | P22: =IF(N22=0,0.3,IF(N22=L22,L22-0.3,N22)) -> 2 | Q22: =IF(O22=0,0.3,IF(O22=M22,M22-0.3,O22)) -> 2 | R22: =LN((L22-P22)/P22) -> 0.40546511 | S22: =LN((M22-Q22)/Q22) -> 0.40546511 | T22: =R22-AVERAGE($R$11:$R$110) -> 0.67422903 | U22: =S22-AVERAGE($S$11:$S$110) -> 0.67422903 | V22: =SQRT(1/P22+1/(L22-P22)) -> 0.91287093 | W22: =SQRT(1/Q22+1/(M22-Q22)) -> 0.91287093 | X22: =T22-U22 -> 0 | Y22: =SQRT(V22^2+W22^2) -> 1.2909944 | Z22: =X22/Y22 -> 0 | AA22: =IF(AND(ABS(X22)>=$B$4,ABS(Z22)>=$B$5),"DIF Besar - review",IF(AND(ABS(X22)>=$B$3,ABS(Z22)>=$B$5),"DIF Moderat - cek","Negligible")) -> Negligible | AB22: =IF(ABS(X22)>=$B$4,"Berpotensi Bias - Tinjau Konten",IF(ABS(X22)>=$B$3,"Indikasi Ringan - Pantau","Tidak Ada Indikasi Bias")) -> Tidak Ada Indikasi Bias
... A110: =LQO!A104 -> 100. Perbedaan audit internal vs TM adalah: | B110: =LQO!B104 -> 1 | C110: =LQO!C104 -> 1 | D110: =LQO!D104 -> 1 | E110: =LQO!E104 -> 0 | F110: =LQO!F104 -> 1 | G110: =LQO!G104 -> 0 | H110: =LQO!H104 -> 1 | ... K110: =LQO!K104 -> 0 | L110: =COUNTIF($B$8:$K$8,"Laki-Laki") -> 5 | M110: =COUNTIF($B$8:$K$8,"Perempuan") -> 5 | N110: =SUMIF($B$8:$K$8,"Laki-Laki",LQO!B104:K104) -> 3 | O110: =SUMIF($B$8:$K$8,"Perempuan",LQO!B104:K104) -> 3 | P110: =IF(N110=0,0.3,IF(N110=L110,L110-0.3,N110)) -> 3 | Q110: =IF(O110=0,0.3,IF(O110=M110,M110-0.3,O110)) -> 3 | R110: =LN((L110-P110)/P110) -> -0.40546511 | S110: =LN((M110-Q110)/Q110) -> -0.40546511 | T110: =R110-AVERAGE($R$11:$R$110) -> -0.13670119 | U110: =S110-AVERAGE($S$11:$S$110) -> -0.13670119 | V110: =SQRT(1/P110+1/(L110-P110)) -> 0.91287093 | W110: =SQRT(1/Q110+1/(M110-Q110)) -> 0.91287093 | X110: =T110-U110 -> 0 | Y110: =SQRT(V110^2+W110^2) -> 1.2909944 | Z110: =X110/Y110 -> 0 | AA110: =IF(AND(ABS(X110)>=$B$4,ABS(Z110)>=$B$5),"DIF Besar - review",IF(AND(ABS(X110)>=$B$3,ABS(Z110)>=$B$5),"DIF Moderat - cek","Negligible")) -> Negligible | AB110: =IF(ABS(X110)>=$B$4,"Berpotensi Bias - Tinjau Konten",IF(ABS(X110)>=$B$3,"Indikasi Ringan - Pantau","Tidak Ada Indikasi Bias")) -> Tidak Ada Indikasi Bias
B111: =SUM(B11:B110) -> 88 | C111: =SUM(C11:C110) -> 88 | D111: =SUM(D11:D110) -> 83 | E111: =SUM(E11:E110) -> 52 | F111: =SUM(F11:F110) -> 83 | G111: =SUM(G11:G110) -> 52 | H111: =SUM(H11:H110) -> 26 | I111: =SUM(I11:I110) -> 26 | ... K111: =SUM(K11:K110) -> 31

Sheet DIF-Rasch-FMO
A1: UJI RASCH DIF (Pendekatan PROX) — Skema FMO
A3: Ambang DIF (logit) - Moderat | B3: 0.5 | N3: Ringkasan Signifikansi Statistik (t-test) | Q3: Ringkasan Kesimpulan Praktis (Kontras)
A4: Ambang DIF (logit) - Besar | B4: 1 | N4: DIF Besar - review | O4: =COUNTIF($AA$11:$AA$110,"DIF Besar - review") -> 0 | Q4: Berpotensi Bias - Tinjau Konten | R4: =COUNTIF($AB$11:$AB$110,"Berpotensi Bias - Tinjau Konten") -> 0
A5: Ambang |t| minimum | B5: 2 | N5: DIF Moderat - cek | O5: =COUNTIF($AA$11:$AA$110,"DIF Moderat - cek") -> 0 | Q5: Indikasi Ringan - Pantau | R5: =COUNTIF($AB$11:$AB$110,"Indikasi Ringan - Pantau") -> 0
A6: Kontras DIF Maksimum (data ini) | B6: =_xlfn.AGGREGATE(14,6,ABS(X11:X110),1) -> 0 | N6: Negligible | O6: =COUNTIF($AA$11:$AA$110,"Negligible") -> 100 | Q6: Tidak Ada Indikasi Bias | R6: =COUNTIF($AB$11:$AB$110,"Tidak Ada Indikasi Bias") -> 100
A8: Jenis Kelamin | B8: =FMO!B2 -> Perempuan | C8: =FMO!C2 -> Laki-Laki | D8: =FMO!D2 -> Perempuan | E8: =FMO!E2 -> Perempuan | F8: =FMO!F2 -> Laki-Laki | G8: =FMO!G2 -> Laki-Laki | H8: =FMO!H2 -> Perempuan | I8: =FMO!I2 -> Laki-Laki | ... K8: =FMO!K2 -> Laki-Laki
A9: Soal | B9: Asesi | L9: N (L) | M9: N (P) | N9: S (L) | O9: S (P) | P9: S adj (L) | Q9: S adj (P) | R9: β mentah (L) | S9: β mentah (P) | T9: β center (L) | U9: β center (P) | V9: SE (L) | W9: SE (P) | X9: Kontras DIF | Y9: SE Gabungan | Z9: t-stat | AA9: Klasifikasi DIF | AB9: Kesimpulan Praktis (Kontras)
B10: 1 | C10: 2 | D10: 3 | E10: 4 | F10: 5 | G10: 6 | H10: 7 | I10: 8 | J10: 9 | K10: 10
A11: =FMO!A5 -> 1. Tujuan utama penerapan sistem keamanan pangan di industri adalah: | B11: =FMO!B5 -> 1 | C11: =FMO!C5 -> 1 | D11: =FMO!D5 -> 1 | E11: =FMO!E5 -> 0 | F11: =FMO!F5 -> 1 | G11: =FMO!G5 -> 0 | H11: =FMO!H5 -> 0 | ... K11: =FMO!K5 -> 0 | L11: =COUNTIF($B$8:$K$8,"Laki-Laki") -> 5 | M11: =COUNTIF($B$8:$K$8,"Perempuan") -> 5 | N11: =SUMIF($B$8:$K$8,"Laki-Laki",FMO!B5:K5) -> 2 | O11: =SUMIF($B$8:$K$8,"Perempuan",FMO!B5:K5) -> 2 | P11: =IF(N11=0,0.3,IF(N11=L11,L11-0.3,N11)) -> 2 | Q11: =IF(O11=0,0.3,IF(O11=M11,M11-0.3,O11)) -> 2 | R11: =LN((L11-P11)/P11) -> 0.40546511 | S11: =LN((M11-Q11)/Q11) -> 0.40546511 | T11: =R11-AVERAGE($R$11:$R$110) -> 0.58973803 | U11: =S11-AVERAGE($S$11:$S$110) -> 0.58973803 | V11: =SQRT(1/P11+1/(L11-P11)) -> 0.91287093 | W11: =SQRT(1/Q11+1/(M11-Q11)) -> 0.91287093 | X11: =T11-U11 -> 0 | Y11: =SQRT(V11^2+W11^2) -> 1.2909944 | Z11: =X11/Y11 -> 0 | AA11: =IF(AND(ABS(X11)>=$B$4,ABS(Z11)>=$B$5),"DIF Besar - review",IF(AND(ABS(X11)>=$B$3,ABS(Z11)>=$B$5),"DIF Moderat - cek","Negligible")) -> Negligible | AB11: =IF(ABS(X11)>=$B$4,"Berpotensi Bias - Tinjau Konten",IF(ABS(X11)>=$B$3,"Indikasi Ringan - Pantau","Tidak Ada Indikasi Bias")) -> Tidak Ada Indikasi Bias
A12: =FMO!A6 -> 2. Manakah di bawah ini yang merupakan contoh "Bahaya Biologis" dalam keamanan pangan? | B12: =FMO!B6 -> 1 | C12: =FMO!C6 -> 1 | D12: =FMO!D6 -> 1 | E12: =FMO!E6 -> 0 | F12: =FMO!F6 -> 1 | G12: =FMO!G6 -> 0 | H12: =FMO!H6 -> 0 | ... K12: =FMO!K6 -> 1 | L12: =COUNTIF($B$8:$K$8,"Laki-Laki") -> 5 | M12: =COUNTIF($B$8:$K$8,"Perempuan") -> 5 | N12: =SUMIF($B$8:$K$8,"Laki-Laki",FMO!B6:K6) -> 3 | O12: =SUMIF($B$8:$K$8,"Perempuan",FMO!B6:K6) -> 3 | P12: =IF(N12=0,0.3,IF(N12=L12,L12-0.3,N12)) -> 3 | Q12: =IF(O12=0,0.3,IF(O12=M12,M12-0.3,O12)) -> 3 | R12: =LN((L12-P12)/P12) -> -0.40546511 | S12: =LN((M12-Q12)/Q12) -> -0.40546511 | T12: =R12-AVERAGE($R$11:$R$110) -> -0.22119219 | U12: =S12-AVERAGE($S$11:$S$110) -> -0.22119219 | V12: =SQRT(1/P12+1/(L12-P12)) -> 0.91287093 | W12: =SQRT(1/Q12+1/(M12-Q12)) -> 0.91287093 | X12: =T12-U12 -> 0 | Y12: =SQRT(V12^2+W12^2) -> 1.2909944 | Z12: =X12/Y12 -> 0 | AA12: =IF(AND(ABS(X12)>=$B$4,ABS(Z12)>=$B$5),"DIF Besar - review",IF(AND(ABS(X12)>=$B$3,ABS(Z12)>=$B$5),"DIF Moderat - cek","Negligible")) -> Negligible | AB12: =IF(ABS(X12)>=$B$4,"Berpotensi Bias - Tinjau Konten",IF(ABS(X12)>=$B$3,"Indikasi Ringan - Pantau","Tidak Ada Indikasi Bias")) -> Tidak Ada Indikasi Bias
A13: =FMO!A7 -> 3. Undang-Undang Republik Indonesia yang menjadi landasan utama tentang Pangan adalah: | B13: =FMO!B7 -> 1 | C13: =FMO!C7 -> 1 | D13: =FMO!D7 -> 1 | E13: =FMO!E7 -> 1 | F13: =FMO!F7 -> 1 | G13: =FMO!G7 -> 1 | H13: =FMO!H7 -> 0 | ... K13: =FMO!K7 -> 0 | L13: =COUNTIF($B$8:$K$8,"Laki-Laki") -> 5 | M13: =COUNTIF($B$8:$K$8,"Perempuan") -> 5 | N13: =SUMIF($B$8:$K$8,"Laki-Laki",FMO!B7:K7) -> 3 | O13: =SUMIF($B$8:$K$8,"Perempuan",FMO!B7:K7) -> 3 | P13: =IF(N13=0,0.3,IF(N13=L13,L13-0.3,N13)) -> 3 | Q13: =IF(O13=0,0.3,IF(O13=M13,M13-0.3,O13)) -> 3 | R13: =LN((L13-P13)/P13) -> -0.40546511 | S13: =LN((M13-Q13)/Q13) -> -0.40546511 | T13: =R13-AVERAGE($R$11:$R$110) -> -0.22119219 | U13: =S13-AVERAGE($S$11:$S$110) -> -0.22119219 | V13: =SQRT(1/P13+1/(L13-P13)) -> 0.91287093 | W13: =SQRT(1/Q13+1/(M13-Q13)) -> 0.91287093 | X13: =T13-U13 -> 0 | Y13: =SQRT(V13^2+W13^2) -> 1.2909944 | Z13: =X13/Y13 -> 0 | AA13: =IF(AND(ABS(X13)>=$B$4,ABS(Z13)>=$B$5),"DIF Besar - review",IF(AND(ABS(X13)>=$B$3,ABS(Z13)>=$B$5),"DIF Moderat - cek","Negligible")) -> Negligible | AB13: =IF(ABS(X13)>=$B$4,"Berpotensi Bias - Tinjau Konten",IF(ABS(X13)>=$B$3,"Indikasi Ringan - Pantau","Tidak Ada Indikasi Bias")) -> Tidak Ada Indikasi Bias
A14: =FMO!A8 -> 4. Apa perbedaan mendasar antara "Keamanan Pangan" (Food Safety) dan "Mutu Pangan" (Food Quality)? | B14: =FMO!B8 -> 1 | C14: =FMO!C8 -> 1 | D14: =FMO!D8 -> 1 | E14: =FMO!E8 -> 0 | F14: =FMO!F8 -> 1 | G14: =FMO!G8 -> 0 | H14: =FMO!H8 -> 0 | ... K14: =FMO!K8 -> 1 | L14: =COUNTIF($B$8:$K$8,"Laki-Laki") -> 5 | M14: =COUNTIF($B$8:$K$8,"Perempuan") -> 5 | N14: =SUMIF($B$8:$K$8,"Laki-Laki",FMO!B8:K8) -> 3 | O14: =SUMIF($B$8:$K$8,"Perempuan",FMO!B8:K8) -> 3 | P14: =IF(N14=0,0.3,IF(N14=L14,L14-0.3,N14)) -> 3 | Q14: =IF(O14=0,0.3,IF(O14=M14,M14-0.3,O14)) -> 3 | R14: =LN((L14-P14)/P14) -> -0.40546511 | S14: =LN((M14-Q14)/Q14) -> -0.40546511 | T14: =R14-AVERAGE($R$11:$R$110) -> -0.22119219 | U14: =S14-AVERAGE($S$11:$S$110) -> -0.22119219 | V14: =SQRT(1/P14+1/(L14-P14)) -> 0.91287093 | W14: =SQRT(1/Q14+1/(M14-Q14)) -> 0.91287093 | X14: =T14-U14 -> 0 | Y14: =SQRT(V14^2+W14^2) -> 1.2909944 | Z14: =X14/Y14 -> 0 | AA14: =IF(AND(ABS(X14)>=$B$4,ABS(Z14)>=$B$5),"DIF Besar - review",IF(AND(ABS(X14)>=$B$3,ABS(Z14)>=$B$5),"DIF Moderat - cek","Negligible")) -> Negligible | AB14: =IF(ABS(X14)>=$B$4,"Berpotensi Bias - Tinjau Konten",IF(ABS(X14)>=$B$3,"Indikasi Ringan - Pantau","Tidak Ada Indikasi Bias")) -> Tidak Ada Indikasi Bias
A15: =FMO!A9 -> 5. Salah satu elemen kunci dalam ISO 22000 adalah "Komunikasi Interaktif". Apa tujuannya? | B15: =FMO!B9 -> 1 | C15: =FMO!C9 -> 1 | D15: =FMO!D9 -> 1 | E15: =FMO!E9 -> 1 | F15: =FMO!F9 -> 1 | G15: =FMO!G9 -> 1 | H15: =FMO!H9 -> 0 | ... K15: =FMO!K9 -> 0 | L15: =COUNTIF($B$8:$K$8,"Laki-Laki") -> 5 | M15: =COUNTIF($B$8:$K$8,"Perempuan") -> 5 | N15: =SUMIF($B$8:$K$8,"Laki-Laki",FMO!B9:K9) -> 3 | O15: =SUMIF($B$8:$K$8,"Perempuan",FMO!B9:K9) -> 3 | P15: =IF(N15=0,0.3,IF(N15=L15,L15-0.3,N15)) -> 3 | Q15: =IF(O15=0,0.3,IF(O15=M15,M15-0.3,O15)) -> 3 | R15: =LN((L15-P15)/P15) -> -0.40546511 | S15: =LN((M15-Q15)/Q15) -> -0.40546511 | T15: =R15-AVERAGE($R$11:$R$110) -> -0.22119219 | U15: =S15-AVERAGE($S$11:$S$110) -> -0.22119219 | V15: =SQRT(1/P15+1/(L15-P15)) -> 0.91287093 | W15: =SQRT(1/Q15+1/(M15-Q15)) -> 0.91287093 | X15: =T15-U15 -> 0 | Y15: =SQRT(V15^2+W15^2) -> 1.2909944 | Z15: =X15/Y15 -> 0 | AA15: =IF(AND(ABS(X15)>=$B$4,ABS(Z15)>=$B$5),"DIF Besar - review",IF(AND(ABS(X15)>=$B$3,ABS(Z15)>=$B$5),"DIF Moderat - cek","Negligible")) -> Negligible | AB15: =IF(ABS(X15)>=$B$4,"Berpotensi Bias - Tinjau Konten",IF(ABS(X15)>=$B$3,"Indikasi Ringan - Pantau","Tidak Ada Indikasi Bias")) -> Tidak Ada Indikasi Bias
A16: =FMO!A10 -> 6. Food Safety Culture (Budaya Keamanan Pangan) menuntut komitmen dari: | B16: =FMO!B10 -> 1 | C16: =FMO!C10 -> 1 | D16: =FMO!D10 -> 1 | E16: =FMO!E10 -> 0 | F16: =FMO!F10 -> 1 | G16: =FMO!G10 -> 0 | H16: =FMO!H10 -> 0 | ... K16: =FMO!K10 -> 0 | L16: =COUNTIF($B$8:$K$8,"Laki-Laki") -> 5 | M16: =COUNTIF($B$8:$K$8,"Perempuan") -> 5 | N16: =SUMIF($B$8:$K$8,"Laki-Laki",FMO!B10:K10) -> 2 | O16: =SUMIF($B$8:$K$8,"Perempuan",FMO!B10:K10) -> 2 | P16: =IF(N16=0,0.3,IF(N16=L16,L16-0.3,N16)) -> 2 | Q16: =IF(O16=0,0.3,IF(O16=M16,M16-0.3,O16)) -> 2 | R16: =LN((L16-P16)/P16) -> 0.40546511 | S16: =LN((M16-Q16)/Q16) -> 0.40546511 | T16: =R16-AVERAGE($R$11:$R$110) -> 0.58973803 | U16: =S16-AVERAGE($S$11:$S$110) -> 0.58973803 | V16: =SQRT(1/P16+1/(L16-P16)) -> 0.91287093 | W16: =SQRT(1/Q16+1/(M16-Q16)) -> 0.91287093 | X16: =T16-U16 -> 0 | Y16: =SQRT(V16^2+W16^2) -> 1.2909944 | Z16: =X16/Y16 -> 0 | AA16: =IF(AND(ABS(X16)>=$B$4,ABS(Z16)>=$B$5),"DIF Besar - review",IF(AND(ABS(X16)>=$B$3,ABS(Z16)>=$B$5),"DIF Moderat - cek","Negligible")) -> Negligible | AB16: =IF(ABS(X16)>=$B$4,"Berpotensi Bias - Tinjau Konten",IF(ABS(X16)>=$B$3,"Indikasi Ringan - Pantau","Tidak Ada Indikasi Bias")) -> Tidak Ada Indikasi Bias
A17: =FMO!A11 -> 7. Organisasi internasional yang menerbitkan standar dasar HACCP dan prinsip kebersihan pangan (General Principles of Food Hygiene) adalah: | B17: =FMO!B11 -> 1 | C17: =FMO!C11 -> 1 | D17: =FMO!D11 -> 1 | E17: =FMO!E11 -> 1 | F17: =FMO!F11 -> 1 | G17: =FMO!G11 -> 1 | H17: =FMO!H11 -> 0 | ... K17: =FMO!K11 -> 0 | L17: =COUNTIF($B$8:$K$8,"Laki-Laki") -> 5 | M17: =COUNTIF($B$8:$K$8,"Perempuan") -> 5 | N17: =SUMIF($B$8:$K$8,"Laki-Laki",FMO!B11:K11) -> 3 | O17: =SUMIF($B$8:$K$8,"Perempuan",FMO!B11:K11) -> 3 | P17: =IF(N17=0,0.3,IF(N17=L17,L17-0.3,N17)) -> 3 | Q17: =IF(O17=0,0.3,IF(O17=M17,M17-0.3,O17)) -> 3 | R17: =LN((L17-P17)/P17) -> -0.40546511 | S17: =LN((M17-Q17)/Q17) -> -0.40546511 | T17: =R17-AVERAGE($R$11:$R$110) -> -0.22119219 | U17: =S17-AVERAGE($S$11:$S$110) -> -0.22119219 | V17: =SQRT(1/P17+1/(L17-P17)) -> 0.91287093 | W17: =SQRT(1/Q17+1/(M17-Q17)) -> 0.91287093 | X17: =T17-U17 -> 0 | Y17: =SQRT(V17^2+W17^2) -> 1.2909944 | Z17: =X17/Y17 -> 0 | AA17: =IF(AND(ABS(X17)>=$B$4,ABS(Z17)>=$B$5),"DIF Besar - review",IF(AND(ABS(X17)>=$B$3,ABS(Z17)>=$B$5),"DIF Moderat - cek","Negligible")) -> Negligible | AB17: =IF(ABS(X17)>=$B$4,"Berpotensi Bias - Tinjau Konten",IF(ABS(X17)>=$B$3,"Indikasi Ringan - Pantau","Tidak Ada Indikasi Bias")) -> Tidak Ada Indikasi Bias
A18: =FMO!A12 -> 8. Kontaminasi yang terjadi karena perpindahan bakteri dari bahan mentah ke produk matang melalui perantara (pisau, tangan, talenan) disebut: | B18: =FMO!B12 -> 1 | C18: =FMO!C12 -> 1 | D18: =FMO!D12 -> 1 | E18: =FMO!E12 -> 1 | F18: =FMO!F12 -> 1 | G18: =FMO!G12 -> 1 | H18: =FMO!H12 -> 1 | ... K18: =FMO!K12 -> 0 | L18: =COUNTIF($B$8:$K$8,"Laki-Laki") -> 5 | M18: =COUNTIF($B$8:$K$8,"Perempuan") -> 5 | N18: =SUMIF($B$8:$K$8,"Laki-Laki",FMO!B12:K12) -> 4 | O18: =SUMIF($B$8:$K$8,"Perempuan",FMO!B12:K12) -> 4 | P18: =IF(N18=0,0.3,IF(N18=L18,L18-0.3,N18)) -> 4 | Q18: =IF(O18=0,0.3,IF(O18=M18,M18-0.3,O18)) -> 4 | R18: =LN((L18-P18)/P18) -> -1.3862944 | S18: =LN((M18-Q18)/Q18) -> -1.3862944 | T18: =R18-AVERAGE($R$11:$R$110) -> -1.2020214 | U18: =S18-AVERAGE($S$11:$S$110) -> -1.2020214 | V18: =SQRT(1/P18+1/(L18-P18)) -> 1.118034 | W18: =SQRT(1/Q18+1/(M18-Q18)) -> 1.118034 | X18: =T18-U18 -> 0 | Y18: =SQRT(V18^2+W18^2) -> 1.5811388 | Z18: =X18/Y18 -> 0 | AA18: =IF(AND(ABS(X18)>=$B$4,ABS(Z18)>=$B$5),"DIF Besar - review",IF(AND(ABS(X18)>=$B$3,ABS(Z18)>=$B$5),"DIF Moderat - cek","Negligible")) -> Negligible | AB18: =IF(ABS(X18)>=$B$4,"Berpotensi Bias - Tinjau Konten",IF(ABS(X18)>=$B$3,"Indikasi Ringan - Pantau","Tidak Ada Indikasi Bias")) -> Tidak Ada Indikasi Bias
A19: =FMO!A13 -> 9. Benda asing seperti rambut, staples, atau kerikil dalam makanan dikategorikan sebagai: | B19: =FMO!B13 -> 1 | C19: =FMO!C13 -> 1 | D19: =FMO!D13 -> 1 | E19: =FMO!E13 -> 0 | F19: =FMO!F13 -> 1 | G19: =FMO!G13 -> 0 | H19: =FMO!H13 -> 0 | ... K19: =FMO!K13 -> 1 | L19: =COUNTIF($B$8:$K$8,"Laki-Laki") -> 5 | M19: =COUNTIF($B$8:$K$8,"Perempuan") -> 5 | N19: =SUMIF($B$8:$K$8,"Laki-Laki",FMO!B13:K13) -> 3 | O19: =SUMIF($B$8:$K$8,"Perempuan",FMO!B13:K13) -> 3 | P19: =IF(N19=0,0.3,IF(N19=L19,L19-0.3,N19)) -> 3 | Q19: =IF(O19=0,0.3,IF(O19=M19,M19-0.3,O19)) -> 3 | R19: =LN((L19-P19)/P19) -> -0.40546511 | S19: =LN((M19-Q19)/Q19) -> -0.40546511 | T19: =R19-AVERAGE($R$11:$R$110) -> -0.22119219 | U19: =S19-AVERAGE($S$11:$S$110) -> -0.22119219 | V19: =SQRT(1/P19+1/(L19-P19)) -> 0.91287093 | W19: =SQRT(1/Q19+1/(M19-Q19)) -> 0.91287093 | X19: =T19-U19 -> 0 | Y19: =SQRT(V19^2+W19^2) -> 1.2909944 | Z19: =X19/Y19 -> 0 | AA19: =IF(AND(ABS(X19)>=$B$4,ABS(Z19)>=$B$5),"DIF Besar - review",IF(AND(ABS(X19)>=$B$3,ABS(Z19)>=$B$5),"DIF Moderat - cek","Negligible")) -> Negligible | AB19: =IF(ABS(X19)>=$B$4,"Berpotensi Bias - Tinjau Konten",IF(ABS(X19)>=$B$3,"Indikasi Ringan - Pantau","Tidak Ada Indikasi Bias")) -> Tidak Ada Indikasi Bias
A20: =FMO!A14 -> 10. Alergen pangan (seperti kacang, susu, telur) dikategorikan sebagai bahaya jenis apa dalam sistem HACCP modern? | B20: =FMO!B14 -> 1 | C20: =FMO!C14 -> 1 | D20: =FMO!D14 -> 1 | E20: =FMO!E14 -> 0 | F20: =FMO!F14 -> 1 | G20: =FMO!G14 -> 0 | H20: =FMO!H14 -> 1 | ... K20: =FMO!K14 -> 0 | L20: =COUNTIF($B$8:$K$8,"Laki-Laki") -> 5 | M20: =COUNTIF($B$8:$K$8,"Perempuan") -> 5 | N20: =SUMIF($B$8:$K$8,"Laki-Laki",FMO!B14:K14) -> 3 | O20: =SUMIF($B$8:$K$8,"Perempuan",FMO!B14:K14) -> 3 | P20: =IF(N20=0,0.3,IF(N20=L20,L20-0.3,N20)) -> 3 | Q20: =IF(O20=0,0.3,IF(O20=M20,M20-0.3,O20)) -> 3 | R20: =LN((L20-P20)/P20) -> -0.40546511 | S20: =LN((M20-Q20)/Q20) -> -0.40546511 | T20: =R20-AVERAGE($R$11:$R$110) -> -0.22119219 | U20: =S20-AVERAGE($S$11:$S$110) -> -0.22119219 | V20: =SQRT(1/P20+1/(L20-P20)) -> 0.91287093 | W20: =SQRT(1/Q20+1/(M20-Q20)) -> 0.91287093 | X20: =T20-U20 -> 0 | Y20: =SQRT(V20^2+W20^2) -> 1.2909944 | Z20: =X20/Y20 -> 0 | AA20: =IF(AND(ABS(X20)>=$B$4,ABS(Z20)>=$B$5),"DIF Besar - review",IF(AND(ABS(X20)>=$B$3,ABS(Z20)>=$B$5),"DIF Moderat - cek","Negligible")) -> Negligible | AB20: =IF(ABS(X20)>=$B$4,"Berpotensi Bias - Tinjau Konten",IF(ABS(X20)>=$B$3,"Indikasi Ringan - Pantau","Tidak Ada Indikasi Bias")) -> Tidak Ada Indikasi Bias
A21: =FMO!A15 -> 11. Program Prasyarat (PRP) atau sering disebut GMP berfungsi untuk: | B21: =FMO!B15 -> 1 | C21: =FMO!C15 -> 1 | D21: =FMO!D15 -> 0 | E21: =FMO!E15 -> 1 | F21: =FMO!F15 -> 0 | G21: =FMO!G15 -> 1 | H21: =FMO!H15 -> 0 | ... K21: =FMO!K15 -> 0 | L21: =COUNTIF($B$8:$K$8,"Laki-Laki") -> 5 | M21: =COUNTIF($B$8:$K$8,"Perempuan") -> 5 | N21: =SUMIF($B$8:$K$8,"Laki-Laki",FMO!B15:K15) -> 2 | O21: =SUMIF($B$8:$K$8,"Perempuan",FMO!B15:K15) -> 2 | P21: =IF(N21=0,0.3,IF(N21=L21,L21-0.3,N21)) -> 2 | Q21: =IF(O21=0,0.3,IF(O21=M21,M21-0.3,O21)) -> 2 | R21: =LN((L21-P21)/P21) -> 0.40546511 | S21: =LN((M21-Q21)/Q21) -> 0.40546511 | T21: =R21-AVERAGE($R$11:$R$110) -> 0.58973803 | U21: =S21-AVERAGE($S$11:$S$110) -> 0.58973803 | V21: =SQRT(1/P21+1/(L21-P21)) -> 0.91287093 | W21: =SQRT(1/Q21+1/(M21-Q21)) -> 0.91287093 | X21: =T21-U21 -> 0 | Y21: =SQRT(V21^2+W21^2) -> 1.2909944 | Z21: =X21/Y21 -> 0 | AA21: =IF(AND(ABS(X21)>=$B$4,ABS(Z21)>=$B$5),"DIF Besar - review",IF(AND(ABS(X21)>=$B$3,ABS(Z21)>=$B$5),"DIF Moderat - cek","Negligible")) -> Negligible | AB21: =IF(ABS(X21)>=$B$4,"Berpotensi Bias - Tinjau Konten",IF(ABS(X21)>=$B$3,"Indikasi Ringan - Pantau","Tidak Ada Indikasi Bias")) -> Tidak Ada Indikasi Bias
A22: =FMO!A16 -> 12. Dalam desain layout pabrik, alur proses (flow process) sebaiknya: | B22: =FMO!B16 -> 1 | C22: =FMO!C16 -> 1 | D22: =FMO!D16 -> 0 | E22: =FMO!E16 -> 0 | F22: =FMO!F16 -> 0 | G22: =FMO!G16 -> 0 | H22: =FMO!H16 -> 0 | ... K22: =FMO!K16 -> 0 | L22: =COUNTIF($B$8:$K$8,"Laki-Laki") -> 5 | M22: =COUNTIF($B$8:$K$8,"Perempuan") -> 5 | N22: =SUMIF($B$8:$K$8,"Laki-Laki",FMO!B16:K16) -> 1 | O22: =SUMIF($B$8:$K$8,"Perempuan",FMO!B16:K16) -> 1 | P22: =IF(N22=0,0.3,IF(N22=L22,L22-0.3,N22)) -> 1 | Q22: =IF(O22=0,0.3,IF(O22=M22,M22-0.3,O22)) -> 1 | R22: =LN((L22-P22)/P22) -> 1.3862944 | S22: =LN((M22-Q22)/Q22) -> 1.3862944 | T22: =R22-AVERAGE($R$11:$R$110) -> 1.5705673 | U22: =S22-AVERAGE($S$11:$S$110) -> 1.5705673 | V22: =SQRT(1/P22+1/(L22-P22)) -> 1.118034 | W22: =SQRT(1/Q22+1/(M22-Q22)) -> 1.118034 | X22: =T22-U22 -> 0 | Y22: =SQRT(V22^2+W22^2) -> 1.5811388 | Z22: =X22/Y22 -> 0 | AA22: =IF(AND(ABS(X22)>=$B$4,ABS(Z22)>=$B$5),"DIF Besar - review",IF(AND(ABS(X22)>=$B$3,ABS(Z22)>=$B$5),"DIF Moderat - cek","Negligible")) -> Negligible | AB22: =IF(ABS(X22)>=$B$4,"Berpotensi Bias - Tinjau Konten",IF(ABS(X22)>=$B$3,"Indikasi Ringan - Pantau","Tidak Ada Indikasi Bias")) -> Tidak Ada Indikasi Bias
... A110: =FMO!A104 -> 100. Refresher Training (Pelatihan Penyegaran) perlu dilakukan: | B110: =FMO!B104 -> 1 | C110: =FMO!C104 -> 1 | D110: =FMO!D104 -> 1 | E110: =FMO!E104 -> 0 | F110: =FMO!F104 -> 1 | G110: =FMO!G104 -> 0 | H110: =FMO!H104 -> 0 | ... K110: =FMO!K104 -> 0 | L110: =COUNTIF($B$8:$K$8,"Laki-Laki") -> 5 | M110: =COUNTIF($B$8:$K$8,"Perempuan") -> 5 | N110: =SUMIF($B$8:$K$8,"Laki-Laki",FMO!B104:K104) -> 2 | O110: =SUMIF($B$8:$K$8,"Perempuan",FMO!B104:K104) -> 2 | P110: =IF(N110=0,0.3,IF(N110=L110,L110-0.3,N110)) -> 2 | Q110: =IF(O110=0,0.3,IF(O110=M110,M110-0.3,O110)) -> 2 | R110: =LN((L110-P110)/P110) -> 0.40546511 | S110: =LN((M110-Q110)/Q110) -> 0.40546511 | T110: =R110-AVERAGE($R$11:$R$110) -> 0.58973803 | U110: =S110-AVERAGE($S$11:$S$110) -> 0.58973803 | V110: =SQRT(1/P110+1/(L110-P110)) -> 0.91287093 | W110: =SQRT(1/Q110+1/(M110-Q110)) -> 0.91287093 | X110: =T110-U110 -> 0 | Y110: =SQRT(V110^2+W110^2) -> 1.2909944 | Z110: =X110/Y110 -> 0 | AA110: =IF(AND(ABS(X110)>=$B$4,ABS(Z110)>=$B$5),"DIF Besar - review",IF(AND(ABS(X110)>=$B$3,ABS(Z110)>=$B$5),"DIF Moderat - cek","Negligible")) -> Negligible | AB110: =IF(ABS(X110)>=$B$4,"Berpotensi Bias - Tinjau Konten",IF(ABS(X110)>=$B$3,"Indikasi Ringan - Pantau","Tidak Ada Indikasi Bias")) -> Tidak Ada Indikasi Bias
B111: =SUM(B11:B110) -> 81 | C111: =SUM(C11:C110) -> 81 | D111: =SUM(D11:D110) -> 83 | E111: =SUM(E11:E110) -> 58 | F111: =SUM(F11:F110) -> 83 | G111: =SUM(G11:G110) -> 58 | H111: =SUM(H11:H110) -> 20 | I111: =SUM(I11:I110) -> 20 | ... K111: =SUM(K11:K110) -> 28

Sheet DIF-Rasch-PSP
A1: UJI RASCH DIF (Pendekatan PROX) — Skema PSP
A3: Ambang DIF (logit) - Moderat | B3: 0.5 | N3: Ringkasan Signifikansi Statistik (t-test) | Q3: Ringkasan Kesimpulan Praktis (Kontras)
A4: Ambang DIF (logit) - Besar | B4: 1 | N4: DIF Besar - review | O4: =COUNTIF($AA$11:$AA$110,"DIF Besar - review") -> 0 | Q4: Berpotensi Bias - Tinjau Konten | R4: =COUNTIF($AB$11:$AB$110,"Berpotensi Bias - Tinjau Konten") -> 0
A5: Ambang |t| minimum | B5: 2 | N5: DIF Moderat - cek | O5: =COUNTIF($AA$11:$AA$110,"DIF Moderat - cek") -> 0 | Q5: Indikasi Ringan - Pantau | R5: =COUNTIF($AB$11:$AB$110,"Indikasi Ringan - Pantau") -> 0
A6: Kontras DIF Maksimum (data ini) | B6: =_xlfn.AGGREGATE(14,6,ABS(X11:X110),1) -> 0 | N6: Negligible | O6: =COUNTIF($AA$11:$AA$110,"Negligible") -> 100 | Q6: Tidak Ada Indikasi Bias | R6: =COUNTIF($AB$11:$AB$110,"Tidak Ada Indikasi Bias") -> 100
A8: Jenis Kelamin | B8: =PSP!B2 -> Perempuan | C8: =PSP!C2 -> Laki-Laki | D8: =PSP!D2 -> Perempuan | E8: =PSP!E2 -> Perempuan | F8: =PSP!F2 -> Laki-Laki | G8: =PSP!G2 -> Laki-Laki | H8: =PSP!H2 -> Perempuan | I8: =PSP!I2 -> Laki-Laki | ... K8: =PSP!K2 -> Laki-Laki
A9: Soal | B9: Asesi | L9: N (L) | M9: N (P) | N9: S (L) | O9: S (P) | P9: S adj (L) | Q9: S adj (P) | R9: β mentah (L) | S9: β mentah (P) | T9: β center (L) | U9: β center (P) | V9: SE (L) | W9: SE (P) | X9: Kontras DIF | Y9: SE Gabungan | Z9: t-stat | AA9: Klasifikasi DIF | AB9: Kesimpulan Praktis (Kontras)
B10: 1 | C10: 2 | D10: 3 | E10: 4 | F10: 5 | G10: 6 | H10: 7 | I10: 8 | J10: 9 | K10: 10
A11: =PSP!A5 -> 1. Dalam konteks industri pangan, peran utama evaluasi sensori adalah: | B11: =PSP!B5 -> 0 | C11: =PSP!C5 -> 0 | D11: =PSP!D5 -> 0 | E11: =PSP!E5 -> 0 | F11: =PSP!F5 -> 0 | G11: =PSP!G5 -> 0 | H11: =PSP!H5 -> 1 | ... K11: =PSP!K5 -> 0 | L11: =COUNTIF($B$8:$K$8,"Laki-Laki") -> 5 | M11: =COUNTIF($B$8:$K$8,"Perempuan") -> 5 | N11: =SUMIF($B$8:$K$8,"Laki-Laki",PSP!B5:K5) -> 1 | O11: =SUMIF($B$8:$K$8,"Perempuan",PSP!B5:K5) -> 1 | P11: =IF(N11=0,0.3,IF(N11=L11,L11-0.3,N11)) -> 1 | Q11: =IF(O11=0,0.3,IF(O11=M11,M11-0.3,O11)) -> 1 | R11: =LN((L11-P11)/P11) -> 1.3862944 | S11: =LN((M11-Q11)/Q11) -> 1.3862944 | T11: =R11-AVERAGE($R$11:$R$110) -> 1.5232248 | U11: =S11-AVERAGE($S$11:$S$110) -> 1.5232248 | V11: =SQRT(1/P11+1/(L11-P11)) -> 1.118034 | W11: =SQRT(1/Q11+1/(M11-Q11)) -> 1.118034 | X11: =T11-U11 -> 0 | Y11: =SQRT(V11^2+W11^2) -> 1.5811388 | Z11: =X11/Y11 -> 0 | AA11: =IF(AND(ABS(X11)>=$B$4,ABS(Z11)>=$B$5),"DIF Besar - review",IF(AND(ABS(X11)>=$B$3,ABS(Z11)>=$B$5),"DIF Moderat - cek","Negligible")) -> Negligible | AB11: =IF(ABS(X11)>=$B$4,"Berpotensi Bias - Tinjau Konten",IF(ABS(X11)>=$B$3,"Indikasi Ringan - Pantau","Tidak Ada Indikasi Bias")) -> Tidak Ada Indikasi Bias
A12: =PSP!A6 -> 2. Seorang panelis terlatih dalam pengujian sensori dipandang sebagai: | B12: =PSP!B6 -> 1 | C12: =PSP!C6 -> 1 | D12: =PSP!D6 -> 1 | E12: =PSP!E6 -> 1 | F12: =PSP!F6 -> 1 | G12: =PSP!G6 -> 1 | H12: =PSP!H6 -> 0 | ... K12: =PSP!K6 -> 1 | L12: =COUNTIF($B$8:$K$8,"Laki-Laki") -> 5 | M12: =COUNTIF($B$8:$K$8,"Perempuan") -> 5 | N12: =SUMIF($B$8:$K$8,"Laki-Laki",PSP!B6:K6) -> 4 | O12: =SUMIF($B$8:$K$8,"Perempuan",PSP!B6:K6) -> 4 | P12: =IF(N12=0,0.3,IF(N12=L12,L12-0.3,N12)) -> 4 | Q12: =IF(O12=0,0.3,IF(O12=M12,M12-0.3,O12)) -> 4 | R12: =LN((L12-P12)/P12) -> -1.3862944 | S12: =LN((M12-Q12)/Q12) -> -1.3862944 | T12: =R12-AVERAGE($R$11:$R$110) -> -1.2493639 | U12: =S12-AVERAGE($S$11:$S$110) -> -1.2493639 | V12: =SQRT(1/P12+1/(L12-P12)) -> 1.118034 | W12: =SQRT(1/Q12+1/(M12-Q12)) -> 1.118034 | X12: =T12-U12 -> 0 | Y12: =SQRT(V12^2+W12^2) -> 1.5811388 | Z12: =X12/Y12 -> 0 | AA12: =IF(AND(ABS(X12)>=$B$4,ABS(Z12)>=$B$5),"DIF Besar - review",IF(AND(ABS(X12)>=$B$3,ABS(Z12)>=$B$5),"DIF Moderat - cek","Negligible")) -> Negligible | AB12: =IF(ABS(X12)>=$B$4,"Berpotensi Bias - Tinjau Konten",IF(ABS(X12)>=$B$3,"Indikasi Ringan - Pantau","Tidak Ada Indikasi Bias")) -> Tidak Ada Indikasi Bias
A13: =PSP!A7 -> 3. Tujuan utama sertifikasi kompetensi panelis adalah: | B13: =PSP!B7 -> 1 | C13: =PSP!C7 -> 1 | D13: =PSP!D7 -> 1 | E13: =PSP!E7 -> 0 | F13: =PSP!F7 -> 1 | G13: =PSP!G7 -> 0 | H13: =PSP!H7 -> 0 | ... K13: =PSP!K7 -> 1 | L13: =COUNTIF($B$8:$K$8,"Laki-Laki") -> 5 | M13: =COUNTIF($B$8:$K$8,"Perempuan") -> 5 | N13: =SUMIF($B$8:$K$8,"Laki-Laki",PSP!B7:K7) -> 3 | O13: =SUMIF($B$8:$K$8,"Perempuan",PSP!B7:K7) -> 3 | P13: =IF(N13=0,0.3,IF(N13=L13,L13-0.3,N13)) -> 3 | Q13: =IF(O13=0,0.3,IF(O13=M13,M13-0.3,O13)) -> 3 | R13: =LN((L13-P13)/P13) -> -0.40546511 | S13: =LN((M13-Q13)/Q13) -> -0.40546511 | T13: =R13-AVERAGE($R$11:$R$110) -> -0.26853466 | U13: =S13-AVERAGE($S$11:$S$110) -> -0.26853466 | V13: =SQRT(1/P13+1/(L13-P13)) -> 0.91287093 | W13: =SQRT(1/Q13+1/(M13-Q13)) -> 0.91287093 | X13: =T13-U13 -> 0 | Y13: =SQRT(V13^2+W13^2) -> 1.2909944 | Z13: =X13/Y13 -> 0 | AA13: =IF(AND(ABS(X13)>=$B$4,ABS(Z13)>=$B$5),"DIF Besar - review",IF(AND(ABS(X13)>=$B$3,ABS(Z13)>=$B$5),"DIF Moderat - cek","Negligible")) -> Negligible | AB13: =IF(ABS(X13)>=$B$4,"Berpotensi Bias - Tinjau Konten",IF(ABS(X13)>=$B$3,"Indikasi Ringan - Pantau","Tidak Ada Indikasi Bias")) -> Tidak Ada Indikasi Bias
A14: =PSP!A8 -> 4. Standar acuan utama untuk lembaga sertifikasi person yang digunakan dalam skema ini adalah: | B14: =PSP!B8 -> 1 | C14: =PSP!C8 -> 1 | D14: =PSP!D8 -> 0 | E14: =PSP!E8 -> 1 | F14: =PSP!F8 -> 0 | G14: =PSP!G8 -> 1 | H14: =PSP!H8 -> 1 | ... K14: =PSP!K8 -> 1 | L14: =COUNTIF($B$8:$K$8,"Laki-Laki") -> 5 | M14: =COUNTIF($B$8:$K$8,"Perempuan") -> 5 | N14: =SUMIF($B$8:$K$8,"Laki-Laki",PSP!B8:K8) -> 4 | O14: =SUMIF($B$8:$K$8,"Perempuan",PSP!B8:K8) -> 4 | P14: =IF(N14=0,0.3,IF(N14=L14,L14-0.3,N14)) -> 4 | Q14: =IF(O14=0,0.3,IF(O14=M14,M14-0.3,O14)) -> 4 | R14: =LN((L14-P14)/P14) -> -1.3862944 | S14: =LN((M14-Q14)/Q14) -> -1.3862944 | T14: =R14-AVERAGE($R$11:$R$110) -> -1.2493639 | U14: =S14-AVERAGE($S$11:$S$110) -> -1.2493639 | V14: =SQRT(1/P14+1/(L14-P14)) -> 1.118034 | W14: =SQRT(1/Q14+1/(M14-Q14)) -> 1.118034 | X14: =T14-U14 -> 0 | Y14: =SQRT(V14^2+W14^2) -> 1.5811388 | Z14: =X14/Y14 -> 0 | AA14: =IF(AND(ABS(X14)>=$B$4,ABS(Z14)>=$B$5),"DIF Besar - review",IF(AND(ABS(X14)>=$B$3,ABS(Z14)>=$B$5),"DIF Moderat - cek","Negligible")) -> Negligible | AB14: =IF(ABS(X14)>=$B$4,"Berpotensi Bias - Tinjau Konten",IF(ABS(X14)>=$B$3,"Indikasi Ringan - Pantau","Tidak Ada Indikasi Bias")) -> Tidak Ada Indikasi Bias
A15: =PSP!A9 -> 5. Manakah yang bukan merupakan ruang lingkup sertifikasi Panelis Terlatih ini? | B15: =PSP!B9 -> 1 | C15: =PSP!C9 -> 1 | D15: =PSP!D9 -> 0 | E15: =PSP!E9 -> 0 | F15: =PSP!F9 -> 0 | G15: =PSP!G9 -> 0 | H15: =PSP!H9 -> 0 | ... K15: =PSP!K9 -> 0 | L15: =COUNTIF($B$8:$K$8,"Laki-Laki") -> 5 | M15: =COUNTIF($B$8:$K$8,"Perempuan") -> 5 | N15: =SUMIF($B$8:$K$8,"Laki-Laki",PSP!B9:K9) -> 1 | O15: =SUMIF($B$8:$K$8,"Perempuan",PSP!B9:K9) -> 1 | P15: =IF(N15=0,0.3,IF(N15=L15,L15-0.3,N15)) -> 1 | Q15: =IF(O15=0,0.3,IF(O15=M15,M15-0.3,O15)) -> 1 | R15: =LN((L15-P15)/P15) -> 1.3862944 | S15: =LN((M15-Q15)/Q15) -> 1.3862944 | T15: =R15-AVERAGE($R$11:$R$110) -> 1.5232248 | U15: =S15-AVERAGE($S$11:$S$110) -> 1.5232248 | V15: =SQRT(1/P15+1/(L15-P15)) -> 1.118034 | W15: =SQRT(1/Q15+1/(M15-Q15)) -> 1.118034 | X15: =T15-U15 -> 0 | Y15: =SQRT(V15^2+W15^2) -> 1.5811388 | Z15: =X15/Y15 -> 0 | AA15: =IF(AND(ABS(X15)>=$B$4,ABS(Z15)>=$B$5),"DIF Besar - review",IF(AND(ABS(X15)>=$B$3,ABS(Z15)>=$B$5),"DIF Moderat - cek","Negligible")) -> Negligible | AB15: =IF(ABS(X15)>=$B$4,"Berpotensi Bias - Tinjau Konten",IF(ABS(X15)>=$B$3,"Indikasi Ringan - Pantau","Tidak Ada Indikasi Bias")) -> Tidak Ada Indikasi Bias
A16: =PSP!A10 -> 6. Istilah untuk ketidakmampuan mencium aroma adalah: | B16: =PSP!B10 -> 0 | C16: =PSP!C10 -> 0 | D16: =PSP!D10 -> 1 | E16: =PSP!E10 -> 1 | F16: =PSP!F10 -> 1 | G16: =PSP!G10 -> 1 | H16: =PSP!H10 -> 0 | ... K16: =PSP!K10 -> 0 | L16: =COUNTIF($B$8:$K$8,"Laki-Laki") -> 5 | M16: =COUNTIF($B$8:$K$8,"Perempuan") -> 5 | N16: =SUMIF($B$8:$K$8,"Laki-Laki",PSP!B10:K10) -> 2 | O16: =SUMIF($B$8:$K$8,"Perempuan",PSP!B10:K10) -> 2 | P16: =IF(N16=0,0.3,IF(N16=L16,L16-0.3,N16)) -> 2 | Q16: =IF(O16=0,0.3,IF(O16=M16,M16-0.3,O16)) -> 2 | R16: =LN((L16-P16)/P16) -> 0.40546511 | S16: =LN((M16-Q16)/Q16) -> 0.40546511 | T16: =R16-AVERAGE($R$11:$R$110) -> 0.54239555 | U16: =S16-AVERAGE($S$11:$S$110) -> 0.54239555 | V16: =SQRT(1/P16+1/(L16-P16)) -> 0.91287093 | W16: =SQRT(1/Q16+1/(M16-Q16)) -> 0.91287093 | X16: =T16-U16 -> 0 | Y16: =SQRT(V16^2+W16^2) -> 1.2909944 | Z16: =X16/Y16 -> 0 | AA16: =IF(AND(ABS(X16)>=$B$4,ABS(Z16)>=$B$5),"DIF Besar - review",IF(AND(ABS(X16)>=$B$3,ABS(Z16)>=$B$5),"DIF Moderat - cek","Negligible")) -> Negligible | AB16: =IF(ABS(X16)>=$B$4,"Berpotensi Bias - Tinjau Konten",IF(ABS(X16)>=$B$3,"Indikasi Ringan - Pantau","Tidak Ada Indikasi Bias")) -> Tidak Ada Indikasi Bias
A17: =PSP!A11 -> 7. Indra pengecap (gustatory) bertanggung jawab untuk mendeteksi: | B17: =PSP!B11 -> 1 | C17: =PSP!C11 -> 1 | D17: =PSP!D11 -> 0 | E17: =PSP!E11 -> 0 | F17: =PSP!F11 -> 0 | G17: =PSP!G11 -> 0 | H17: =PSP!H11 -> 0 | ... K17: =PSP!K11 -> 0 | L17: =COUNTIF($B$8:$K$8,"Laki-Laki") -> 5 | M17: =COUNTIF($B$8:$K$8,"Perempuan") -> 5 | N17: =SUMIF($B$8:$K$8,"Laki-Laki",PSP!B11:K11) -> 1 | O17: =SUMIF($B$8:$K$8,"Perempuan",PSP!B11:K11) -> 1 | P17: =IF(N17=0,0.3,IF(N17=L17,L17-0.3,N17)) -> 1 | Q17: =IF(O17=0,0.3,IF(O17=M17,M17-0.3,O17)) -> 1 | R17: =LN((L17-P17)/P17) -> 1.3862944 | S17: =LN((M17-Q17)/Q17) -> 1.3862944 | T17: =R17-AVERAGE($R$11:$R$110) -> 1.5232248 | U17: =S17-AVERAGE($S$11:$S$110) -> 1.5232248 | V17: =SQRT(1/P17+1/(L17-P17)) -> 1.118034 | W17: =SQRT(1/Q17+1/(M17-Q17)) -> 1.118034 | X17: =T17-U17 -> 0 | Y17: =SQRT(V17^2+W17^2) -> 1.5811388 | Z17: =X17/Y17 -> 0 | AA17: =IF(AND(ABS(X17)>=$B$4,ABS(Z17)>=$B$5),"DIF Besar - review",IF(AND(ABS(X17)>=$B$3,ABS(Z17)>=$B$5),"DIF Moderat - cek","Negligible")) -> Negligible | AB17: =IF(ABS(X17)>=$B$4,"Berpotensi Bias - Tinjau Konten",IF(ABS(X17)>=$B$3,"Indikasi Ringan - Pantau","Tidak Ada Indikasi Bias")) -> Tidak Ada Indikasi Bias
A18: =PSP!A12 -> 8. Atribut "kerenyahan" (crispness) dinilai terutama menggunakan indra: | B18: =PSP!B12 -> 1 | C18: =PSP!C12 -> 1 | D18: =PSP!D12 -> 1 | E18: =PSP!E12 -> 1 | F18: =PSP!F12 -> 1 | G18: =PSP!G12 -> 1 | H18: =PSP!H12 -> 0 | ... K18: =PSP!K12 -> 0 | L18: =COUNTIF($B$8:$K$8,"Laki-Laki") -> 5 | M18: =COUNTIF($B$8:$K$8,"Perempuan") -> 5 | N18: =SUMIF($B$8:$K$8,"Laki-Laki",PSP!B12:K12) -> 3 | O18: =SUMIF($B$8:$K$8,"Perempuan",PSP!B12:K12) -> 3 | P18: =IF(N18=0,0.3,IF(N18=L18,L18-0.3,N18)) -> 3 | Q18: =IF(O18=0,0.3,IF(O18=M18,M18-0.3,O18)) -> 3 | R18: =LN((L18-P18)/P18) -> -0.40546511 | S18: =LN((M18-Q18)/Q18) -> -0.40546511 | T18: =R18-AVERAGE($R$11:$R$110) -> -0.26853466 | U18: =S18-AVERAGE($S$11:$S$110) -> -0.26853466 | V18: =SQRT(1/P18+1/(L18-P18)) -> 0.91287093 | W18: =SQRT(1/Q18+1/(M18-Q18)) -> 0.91287093 | X18: =T18-U18 -> 0 | Y18: =SQRT(V18^2+W18^2) -> 1.2909944 | Z18: =X18/Y18 -> 0 | AA18: =IF(AND(ABS(X18)>=$B$4,ABS(Z18)>=$B$5),"DIF Besar - review",IF(AND(ABS(X18)>=$B$3,ABS(Z18)>=$B$5),"DIF Moderat - cek","Negligible")) -> Negligible | AB18: =IF(ABS(X18)>=$B$4,"Berpotensi Bias - Tinjau Konten",IF(ABS(X18)>=$B$3,"Indikasi Ringan - Pantau","Tidak Ada Indikasi Bias")) -> Tidak Ada Indikasi Bias
A19: =PSP!A13 -> 9. Jenis pengujian yang bertujuan menentukan apakah ada perbedaan antara dua sampel adalah: | B19: =PSP!B13 -> 1 | C19: =PSP!C13 -> 1 | D19: =PSP!D13 -> 1 | E19: =PSP!E13 -> 0 | F19: =PSP!F13 -> 1 | G19: =PSP!G13 -> 0 | H19: =PSP!H13 -> 1 | ... K19: =PSP!K13 -> 0 | L19: =COUNTIF($B$8:$K$8,"Laki-Laki") -> 5 | M19: =COUNTIF($B$8:$K$8,"Perempuan") -> 5 | N19: =SUMIF($B$8:$K$8,"Laki-Laki",PSP!B13:K13) -> 3 | O19: =SUMIF($B$8:$K$8,"Perempuan",PSP!B13:K13) -> 3 | P19: =IF(N19=0,0.3,IF(N19=L19,L19-0.3,N19)) -> 3 | Q19: =IF(O19=0,0.3,IF(O19=M19,M19-0.3,O19)) -> 3 | R19: =LN((L19-P19)/P19) -> -0.40546511 | S19: =LN((M19-Q19)/Q19) -> -0.40546511 | T19: =R19-AVERAGE($R$11:$R$110) -> -0.26853466 | U19: =S19-AVERAGE($S$11:$S$110) -> -0.26853466 | V19: =SQRT(1/P19+1/(L19-P19)) -> 0.91287093 | W19: =SQRT(1/Q19+1/(M19-Q19)) -> 0.91287093 | X19: =T19-U19 -> 0 | Y19: =SQRT(V19^2+W19^2) -> 1.2909944 | Z19: =X19/Y19 -> 0 | AA19: =IF(AND(ABS(X19)>=$B$4,ABS(Z19)>=$B$5),"DIF Besar - review",IF(AND(ABS(X19)>=$B$3,ABS(Z19)>=$B$5),"DIF Moderat - cek","Negligible")) -> Negligible | AB19: =IF(ABS(X19)>=$B$4,"Berpotensi Bias - Tinjau Konten",IF(ABS(X19)>=$B$3,"Indikasi Ringan - Pantau","Tidak Ada Indikasi Bias")) -> Tidak Ada Indikasi Bias
A20: =PSP!A14 -> 10. Standar ISO yang mengatur tentang "Kosakata Analisis Sensori" adalah: | B20: =PSP!B14 -> 1 | C20: =PSP!C14 -> 1 | D20: =PSP!D14 -> 0 | E20: =PSP!E14 -> 0 | F20: =PSP!F14 -> 0 | G20: =PSP!G14 -> 0 | H20: =PSP!H14 -> 0 | ... K20: =PSP!K14 -> 0 | L20: =COUNTIF($B$8:$K$8,"Laki-Laki") -> 5 | M20: =COUNTIF($B$8:$K$8,"Perempuan") -> 5 | N20: =SUMIF($B$8:$K$8,"Laki-Laki",PSP!B14:K14) -> 1 | O20: =SUMIF($B$8:$K$8,"Perempuan",PSP!B14:K14) -> 1 | P20: =IF(N20=0,0.3,IF(N20=L20,L20-0.3,N20)) -> 1 | Q20: =IF(O20=0,0.3,IF(O20=M20,M20-0.3,O20)) -> 1 | R20: =LN((L20-P20)/P20) -> 1.3862944 | S20: =LN((M20-Q20)/Q20) -> 1.3862944 | T20: =R20-AVERAGE($R$11:$R$110) -> 1.5232248 | U20: =S20-AVERAGE($S$11:$S$110) -> 1.5232248 | V20: =SQRT(1/P20+1/(L20-P20)) -> 1.118034 | W20: =SQRT(1/Q20+1/(M20-Q20)) -> 1.118034 | X20: =T20-U20 -> 0 | Y20: =SQRT(V20^2+W20^2) -> 1.5811388 | Z20: =X20/Y20 -> 0 | AA20: =IF(AND(ABS(X20)>=$B$4,ABS(Z20)>=$B$5),"DIF Besar - review",IF(AND(ABS(X20)>=$B$3,ABS(Z20)>=$B$5),"DIF Moderat - cek","Negligible")) -> Negligible | AB20: =IF(ABS(X20)>=$B$4,"Berpotensi Bias - Tinjau Konten",IF(ABS(X20)>=$B$3,"Indikasi Ringan - Pantau","Tidak Ada Indikasi Bias")) -> Tidak Ada Indikasi Bias
A21: =PSP!A15 -> 11. Pendidikan minimal untuk menjadi panelis terlatih sesuai skema adalah: | B21: =PSP!B15 -> 1 | C21: =PSP!C15 -> 1 | D21: =PSP!D15 -> 1 | E21: =PSP!E15 -> 0 | F21: =PSP!F15 -> 1 | G21: =PSP!G15 -> 0 | H21: =PSP!H15 -> 1 | ... K21: =PSP!K15 -> 0 | L21: =COUNTIF($B$8:$K$8,"Laki-Laki") -> 5 | M21: =COUNTIF($B$8:$K$8,"Perempuan") -> 5 | N21: =SUMIF($B$8:$K$8,"Laki-Laki",PSP!B15:K15) -> 3 | O21: =SUMIF($B$8:$K$8,"Perempuan",PSP!B15:K15) -> 3 | P21: =IF(N21=0,0.3,IF(N21=L21,L21-0.3,N21)) -> 3 | Q21: =IF(O21=0,0.3,IF(O21=M21,M21-0.3,O21)) -> 3 | R21: =LN((L21-P21)/P21) -> -0.40546511 | S21: =LN((M21-Q21)/Q21) -> -0.40546511 | T21: =R21-AVERAGE($R$11:$R$110) -> -0.26853466 | U21: =S21-AVERAGE($S$11:$S$110) -> -0.26853466 | V21: =SQRT(1/P21+1/(L21-P21)) -> 0.91287093 | W21: =SQRT(1/Q21+1/(M21-Q21)) -> 0.91287093 | X21: =T21-U21 -> 0 | Y21: =SQRT(V21^2+W21^2) -> 1.2909944 | Z21: =X21/Y21 -> 0 | AA21: =IF(AND(ABS(X21)>=$B$4,ABS(Z21)>=$B$5),"DIF Besar - review",IF(AND(ABS(X21)>=$B$3,ABS(Z21)>=$B$5),"DIF Moderat - cek","Negligible")) -> Negligible | AB21: =IF(ABS(X21)>=$B$4,"Berpotensi Bias - Tinjau Konten",IF(ABS(X21)>=$B$3,"Indikasi Ringan - Pantau","Tidak Ada Indikasi Bias")) -> Tidak Ada Indikasi Bias
A22: =PSP!A16 -> 12. Tes Ishihara digunakan untuk memverifikasi kondisi: | B22: =PSP!B16 -> 1 | C22: =PSP!C16 -> 1 | D22: =PSP!D16 -> 1 | E22: =PSP!E16 -> 0 | F22: =PSP!F16 -> 1 | G22: =PSP!G16 -> 0 | H22: =PSP!H16 -> 0 | ... K22: =PSP!K16 -> 0 | L22: =COUNTIF($B$8:$K$8,"Laki-Laki") -> 5 | M22: =COUNTIF($B$8:$K$8,"Perempuan") -> 5 | N22: =SUMIF($B$8:$K$8,"Laki-Laki",PSP!B16:K16) -> 2 | O22: =SUMIF($B$8:$K$8,"Perempuan",PSP!B16:K16) -> 2 | P22: =IF(N22=0,0.3,IF(N22=L22,L22-0.3,N22)) -> 2 | Q22: =IF(O22=0,0.3,IF(O22=M22,M22-0.3,O22)) -> 2 | R22: =LN((L22-P22)/P22) -> 0.40546511 | S22: =LN((M22-Q22)/Q22) -> 0.40546511 | T22: =R22-AVERAGE($R$11:$R$110) -> 0.54239555 | U22: =S22-AVERAGE($S$11:$S$110) -> 0.54239555 | V22: =SQRT(1/P22+1/(L22-P22)) -> 0.91287093 | W22: =SQRT(1/Q22+1/(M22-Q22)) -> 0.91287093 | X22: =T22-U22 -> 0 | Y22: =SQRT(V22^2+W22^2) -> 1.2909944 | Z22: =X22/Y22 -> 0 | AA22: =IF(AND(ABS(X22)>=$B$4,ABS(Z22)>=$B$5),"DIF Besar - review",IF(AND(ABS(X22)>=$B$3,ABS(Z22)>=$B$5),"DIF Moderat - cek","Negligible")) -> Negligible | AB22: =IF(ABS(X22)>=$B$4,"Berpotensi Bias - Tinjau Konten",IF(ABS(X22)>=$B$3,"Indikasi Ringan - Pantau","Tidak Ada Indikasi Bias")) -> Tidak Ada Indikasi Bias
... A110: =PSP!A104 -> 100. Filosofi dasar skema ini adalah memperlakukan panelis sebagai: | B110: =PSP!B104 -> 1 | C110: =PSP!C104 -> 1 | D110: =PSP!D104 -> 1 | E110: =PSP!E104 -> 1 | F110: =PSP!F104 -> 1 | G110: =PSP!G104 -> 1 | H110: =PSP!H104 -> 0 | ... K110: =PSP!K104 -> 0 | L110: =COUNTIF($B$8:$K$8,"Laki-Laki") -> 5 | M110: =COUNTIF($B$8:$K$8,"Perempuan") -> 5 | N110: =SUMIF($B$8:$K$8,"Laki-Laki",PSP!B104:K104) -> 3 | O110: =SUMIF($B$8:$K$8,"Perempuan",PSP!B104:K104) -> 3 | P110: =IF(N110=0,0.3,IF(N110=L110,L110-0.3,N110)) -> 3 | Q110: =IF(O110=0,0.3,IF(O110=M110,M110-0.3,O110)) -> 3 | R110: =LN((L110-P110)/P110) -> -0.40546511 | S110: =LN((M110-Q110)/Q110) -> -0.40546511 | T110: =R110-AVERAGE($R$11:$R$110) -> -0.26853466 | U110: =S110-AVERAGE($S$11:$S$110) -> -0.26853466 | V110: =SQRT(1/P110+1/(L110-P110)) -> 0.91287093 | W110: =SQRT(1/Q110+1/(M110-Q110)) -> 0.91287093 | X110: =T110-U110 -> 0 | Y110: =SQRT(V110^2+W110^2) -> 1.2909944 | Z110: =X110/Y110 -> 0 | AA110: =IF(AND(ABS(X110)>=$B$4,ABS(Z110)>=$B$5),"DIF Besar - review",IF(AND(ABS(X110)>=$B$3,ABS(Z110)>=$B$5),"DIF Moderat - cek","Negligible")) -> Negligible | AB110: =IF(ABS(X110)>=$B$4,"Berpotensi Bias - Tinjau Konten",IF(ABS(X110)>=$B$3,"Indikasi Ringan - Pantau","Tidak Ada Indikasi Bias")) -> Tidak Ada Indikasi Bias
B111: =SUM(B11:B110) -> 90 | C111: =SUM(C11:C110) -> 90 | D111: =SUM(D11:D110) -> 83 | E111: =SUM(E11:E110) -> 41 | F111: =SUM(F11:F110) -> 83 | G111: =SUM(G11:G110) -> 41 | H111: =SUM(H11:H110) -> 24 | I111: =SUM(I11:I110) -> 24 | ... K111: =SUM(K11:K110) -> 27

Sheet DIF-Rasch-DLD
A1: UJI RASCH DIF (Pendekatan PROX) — Skema DLD
A3: Ambang DIF (logit) - Moderat | B3: 0.5 | N3: Ringkasan Signifikansi Statistik (t-test) | Q3: Ringkasan Kesimpulan Praktis (Kontras)
A4: Ambang DIF (logit) - Besar | B4: 1 | N4: DIF Besar - review | O4: =COUNTIF($AA$11:$AA$110,"DIF Besar - review") -> 0 | Q4: Berpotensi Bias - Tinjau Konten | R4: =COUNTIF($AB$11:$AB$110,"Berpotensi Bias - Tinjau Konten") -> 0
A5: Ambang |t| minimum | B5: 2 | N5: DIF Moderat - cek | O5: =COUNTIF($AA$11:$AA$110,"DIF Moderat - cek") -> 0 | Q5: Indikasi Ringan - Pantau | R5: =COUNTIF($AB$11:$AB$110,"Indikasi Ringan - Pantau") -> 0
A6: Kontras DIF Maksimum (data ini) | B6: =_xlfn.AGGREGATE(14,6,ABS(X11:X110),1) -> 0 | N6: Negligible | O6: =COUNTIF($AA$11:$AA$110,"Negligible") -> 100 | Q6: Tidak Ada Indikasi Bias | R6: =COUNTIF($AB$11:$AB$110,"Tidak Ada Indikasi Bias") -> 100
A8: Jenis Kelamin | B8: =DLD!B2 -> Perempuan | C8: =DLD!C2 -> Laki-Laki | D8: =DLD!D2 -> Perempuan | E8: =DLD!E2 -> Perempuan | F8: =DLD!F2 -> Laki-Laki | G8: =DLD!G2 -> Laki-Laki | H8: =DLD!H2 -> Perempuan | I8: =DLD!I2 -> Laki-Laki | ... K8: =DLD!K2 -> Laki-Laki
A9: Soal | B9: Asesi | L9: N (L) | M9: N (P) | N9: S (L) | O9: S (P) | P9: S adj (L) | Q9: S adj (P) | R9: β mentah (L) | S9: β mentah (P) | T9: β center (L) | U9: β center (P) | V9: SE (L) | W9: SE (P) | X9: Kontras DIF | Y9: SE Gabungan | Z9: t-stat | AA9: Klasifikasi DIF | AB9: Kesimpulan Praktis (Kontras)
B10: 1 | C10: 2 | D10: 3 | E10: 4 | F10: 5 | G10: 6 | H10: 7 | I10: 8 | J10: 9 | K10: 10
A11: =DLD!A5 -> 1. Peraturan yang mengatur secara spesifik prosedur lifting dan rigging di Indonesia, | B11: =DLD!B5 -> 0 | C11: =DLD!C5 -> 0 | D11: =DLD!D5 -> 1 | E11: =DLD!E5 -> 0 | F11: =DLD!F5 -> 1 | G11: =DLD!G5 -> 0 | H11: =DLD!H5 -> 0 | ... K11: =DLD!K5 -> 0 | L11: =COUNTIF($B$8:$K$8,"Laki-Laki") -> 5 | M11: =COUNTIF($B$8:$K$8,"Perempuan") -> 5 | N11: =SUMIF($B$8:$K$8,"Laki-Laki",DLD!B5:K5) -> 1 | O11: =SUMIF($B$8:$K$8,"Perempuan",DLD!B5:K5) -> 1 | P11: =IF(N11=0,0.3,IF(N11=L11,L11-0.3,N11)) -> 1 | Q11: =IF(O11=0,0.3,IF(O11=M11,M11-0.3,O11)) -> 1 | R11: =LN((L11-P11)/P11) -> 1.3862944 | S11: =LN((M11-Q11)/Q11) -> 1.3862944 | T11: =R11-AVERAGE($R$11:$R$110) -> 1.3521582 | U11: =S11-AVERAGE($S$11:$S$110) -> 1.3521582 | V11: =SQRT(1/P11+1/(L11-P11)) -> 1.118034 | W11: =SQRT(1/Q11+1/(M11-Q11)) -> 1.118034 | X11: =T11-U11 -> 0 | Y11: =SQRT(V11^2+W11^2) -> 1.5811388 | Z11: =X11/Y11 -> 0 | AA11: =IF(AND(ABS(X11)>=$B$4,ABS(Z11)>=$B$5),"DIF Besar - review",IF(AND(ABS(X11)>=$B$3,ABS(Z11)>=$B$5),"DIF Moderat - cek","Negligible")) -> Negligible | AB11: =IF(ABS(X11)>=$B$4,"Berpotensi Bias - Tinjau Konten",IF(ABS(X11)>=$B$3,"Indikasi Ringan - Pantau","Tidak Ada Indikasi Bias")) -> Tidak Ada Indikasi Bias
A12: =DLD!A6 -> 2. Standar Lifting yang dari ASME adalah | B12: =DLD!B6 -> 1 | C12: =DLD!C6 -> 1 | D12: =DLD!D6 -> 0 | E12: =DLD!E6 -> 1 | F12: =DLD!F6 -> 0 | G12: =DLD!G6 -> 1 | H12: =DLD!H6 -> 0 | ... K12: =DLD!K6 -> 0 | L12: =COUNTIF($B$8:$K$8,"Laki-Laki") -> 5 | M12: =COUNTIF($B$8:$K$8,"Perempuan") -> 5 | N12: =SUMIF($B$8:$K$8,"Laki-Laki",DLD!B6:K6) -> 2 | O12: =SUMIF($B$8:$K$8,"Perempuan",DLD!B6:K6) -> 2 | P12: =IF(N12=0,0.3,IF(N12=L12,L12-0.3,N12)) -> 2 | Q12: =IF(O12=0,0.3,IF(O12=M12,M12-0.3,O12)) -> 2 | R12: =LN((L12-P12)/P12) -> 0.40546511 | S12: =LN((M12-Q12)/Q12) -> 0.40546511 | T12: =R12-AVERAGE($R$11:$R$110) -> 0.37132891 | U12: =S12-AVERAGE($S$11:$S$110) -> 0.37132891 | V12: =SQRT(1/P12+1/(L12-P12)) -> 0.91287093 | W12: =SQRT(1/Q12+1/(M12-Q12)) -> 0.91287093 | X12: =T12-U12 -> 0 | Y12: =SQRT(V12^2+W12^2) -> 1.2909944 | Z12: =X12/Y12 -> 0 | AA12: =IF(AND(ABS(X12)>=$B$4,ABS(Z12)>=$B$5),"DIF Besar - review",IF(AND(ABS(X12)>=$B$3,ABS(Z12)>=$B$5),"DIF Moderat - cek","Negligible")) -> Negligible | AB12: =IF(ABS(X12)>=$B$4,"Berpotensi Bias - Tinjau Konten",IF(ABS(X12)>=$B$3,"Indikasi Ringan - Pantau","Tidak Ada Indikasi Bias")) -> Tidak Ada Indikasi Bias
A13: =DLD!A7 -> 3. Berikut ini adalah acuan Lifting dari British Standard, kecuali | B13: =DLD!B7 -> 1 | C13: =DLD!C7 -> 1 | D13: =DLD!D7 -> 1 | E13: =DLD!E7 -> 1 | F13: =DLD!F7 -> 1 | G13: =DLD!G7 -> 1 | H13: =DLD!H7 -> 0 | ... K13: =DLD!K7 -> 0 | L13: =COUNTIF($B$8:$K$8,"Laki-Laki") -> 5 | M13: =COUNTIF($B$8:$K$8,"Perempuan") -> 5 | N13: =SUMIF($B$8:$K$8,"Laki-Laki",DLD!B7:K7) -> 3 | O13: =SUMIF($B$8:$K$8,"Perempuan",DLD!B7:K7) -> 3 | P13: =IF(N13=0,0.3,IF(N13=L13,L13-0.3,N13)) -> 3 | Q13: =IF(O13=0,0.3,IF(O13=M13,M13-0.3,O13)) -> 3 | R13: =LN((L13-P13)/P13) -> -0.40546511 | S13: =LN((M13-Q13)/Q13) -> -0.40546511 | T13: =R13-AVERAGE($R$11:$R$110) -> -0.43960131 | U13: =S13-AVERAGE($S$11:$S$110) -> -0.43960131 | V13: =SQRT(1/P13+1/(L13-P13)) -> 0.91287093 | W13: =SQRT(1/Q13+1/(M13-Q13)) -> 0.91287093 | X13: =T13-U13 -> 0 | Y13: =SQRT(V13^2+W13^2) -> 1.2909944 | Z13: =X13/Y13 -> 0 | AA13: =IF(AND(ABS(X13)>=$B$4,ABS(Z13)>=$B$5),"DIF Besar - review",IF(AND(ABS(X13)>=$B$3,ABS(Z13)>=$B$5),"DIF Moderat - cek","Negligible")) -> Negligible | AB13: =IF(ABS(X13)>=$B$4,"Berpotensi Bias - Tinjau Konten",IF(ABS(X13)>=$B$3,"Indikasi Ringan - Pantau","Tidak Ada Indikasi Bias")) -> Tidak Ada Indikasi Bias
A14: =DLD!A8 -> 4. Standar Lifting yang dari DNV adalah | B14: =DLD!B8 -> 0 | C14: =DLD!C8 -> 0 | D14: =DLD!D8 -> 1 | E14: =DLD!E8 -> 0 | F14: =DLD!F8 -> 1 | G14: =DLD!G8 -> 0 | H14: =DLD!H8 -> 0 | ... K14: =DLD!K8 -> 0 | L14: =COUNTIF($B$8:$K$8,"Laki-Laki") -> 5 | M14: =COUNTIF($B$8:$K$8,"Perempuan") -> 5 | N14: =SUMIF($B$8:$K$8,"Laki-Laki",DLD!B8:K8) -> 1 | O14: =SUMIF($B$8:$K$8,"Perempuan",DLD!B8:K8) -> 1 | P14: =IF(N14=0,0.3,IF(N14=L14,L14-0.3,N14)) -> 1 | Q14: =IF(O14=0,0.3,IF(O14=M14,M14-0.3,O14)) -> 1 | R14: =LN((L14-P14)/P14) -> 1.3862944 | S14: =LN((M14-Q14)/Q14) -> 1.3862944 | T14: =R14-AVERAGE($R$11:$R$110) -> 1.3521582 | U14: =S14-AVERAGE($S$11:$S$110) -> 1.3521582 | V14: =SQRT(1/P14+1/(L14-P14)) -> 1.118034 | W14: =SQRT(1/Q14+1/(M14-Q14)) -> 1.118034 | X14: =T14-U14 -> 0 | Y14: =SQRT(V14^2+W14^2) -> 1.5811388 | Z14: =X14/Y14 -> 0 | AA14: =IF(AND(ABS(X14)>=$B$4,ABS(Z14)>=$B$5),"DIF Besar - review",IF(AND(ABS(X14)>=$B$3,ABS(Z14)>=$B$5),"DIF Moderat - cek","Negligible")) -> Negligible | AB14: =IF(ABS(X14)>=$B$4,"Berpotensi Bias - Tinjau Konten",IF(ABS(X14)>=$B$3,"Indikasi Ringan - Pantau","Tidak Ada Indikasi Bias")) -> Tidak Ada Indikasi Bias
A15: =DLD!A9 -> 5. Pengangkatan beban di bawah 10 ton masuk pada kategori : | B15: =DLD!B9 -> 1 | C15: =DLD!C9 -> 1 | D15: =DLD!D9 -> 0 | E15: =DLD!E9 -> 1 | F15: =DLD!F9 -> 0 | G15: =DLD!G9 -> 1 | H15: =DLD!H9 -> 0 | ... K15: =DLD!K9 -> 0 | L15: =COUNTIF($B$8:$K$8,"Laki-Laki") -> 5 | M15: =COUNTIF($B$8:$K$8,"Perempuan") -> 5 | N15: =SUMIF($B$8:$K$8,"Laki-Laki",DLD!B9:K9) -> 2 | O15: =SUMIF($B$8:$K$8,"Perempuan",DLD!B9:K9) -> 2 | P15: =IF(N15=0,0.3,IF(N15=L15,L15-0.3,N15)) -> 2 | Q15: =IF(O15=0,0.3,IF(O15=M15,M15-0.3,O15)) -> 2 | R15: =LN((L15-P15)/P15) -> 0.40546511 | S15: =LN((M15-Q15)/Q15) -> 0.40546511 | T15: =R15-AVERAGE($R$11:$R$110) -> 0.37132891 | U15: =S15-AVERAGE($S$11:$S$110) -> 0.37132891 | V15: =SQRT(1/P15+1/(L15-P15)) -> 0.91287093 | W15: =SQRT(1/Q15+1/(M15-Q15)) -> 0.91287093 | X15: =T15-U15 -> 0 | Y15: =SQRT(V15^2+W15^2) -> 1.2909944 | Z15: =X15/Y15 -> 0 | AA15: =IF(AND(ABS(X15)>=$B$4,ABS(Z15)>=$B$5),"DIF Besar - review",IF(AND(ABS(X15)>=$B$3,ABS(Z15)>=$B$5),"DIF Moderat - cek","Negligible")) -> Negligible | AB15: =IF(ABS(X15)>=$B$4,"Berpotensi Bias - Tinjau Konten",IF(ABS(X15)>=$B$3,"Indikasi Ringan - Pantau","Tidak Ada Indikasi Bias")) -> Tidak Ada Indikasi Bias
A16: =DLD!A10 -> 6. Sebuah operasi Lifting, berat payload 25 ton, SWL crane 30 ton, termasuk kategori : | B16: =DLD!B10 -> 1 | C16: =DLD!C10 -> 1 | D16: =DLD!D10 -> 1 | E16: =DLD!E10 -> 1 | F16: =DLD!F10 -> 1 | G16: =DLD!G10 -> 1 | H16: =DLD!H10 -> 1 | ... K16: =DLD!K10 -> 0 | L16: =COUNTIF($B$8:$K$8,"Laki-Laki") -> 5 | M16: =COUNTIF($B$8:$K$8,"Perempuan") -> 5 | N16: =SUMIF($B$8:$K$8,"Laki-Laki",DLD!B10:K10) -> 4 | O16: =SUMIF($B$8:$K$8,"Perempuan",DLD!B10:K10) -> 4 | P16: =IF(N16=0,0.3,IF(N16=L16,L16-0.3,N16)) -> 4 | Q16: =IF(O16=0,0.3,IF(O16=M16,M16-0.3,O16)) -> 4 | R16: =LN((L16-P16)/P16) -> -1.3862944 | S16: =LN((M16-Q16)/Q16) -> -1.3862944 | T16: =R16-AVERAGE($R$11:$R$110) -> -1.4204306 | U16: =S16-AVERAGE($S$11:$S$110) -> -1.4204306 | V16: =SQRT(1/P16+1/(L16-P16)) -> 1.118034 | W16: =SQRT(1/Q16+1/(M16-Q16)) -> 1.118034 | X16: =T16-U16 -> 0 | Y16: =SQRT(V16^2+W16^2) -> 1.5811388 | Z16: =X16/Y16 -> 0 | AA16: =IF(AND(ABS(X16)>=$B$4,ABS(Z16)>=$B$5),"DIF Besar - review",IF(AND(ABS(X16)>=$B$3,ABS(Z16)>=$B$5),"DIF Moderat - cek","Negligible")) -> Negligible | AB16: =IF(ABS(X16)>=$B$4,"Berpotensi Bias - Tinjau Konten",IF(ABS(X16)>=$B$3,"Indikasi Ringan - Pantau","Tidak Ada Indikasi Bias")) -> Tidak Ada Indikasi Bias
A17: =DLD!A11 -> 7. Sebuah operasi Lifting, berat payload 25 ton, menggunakan 2 crane, utilization crane 1 65%, crane 2 51%, termasuk kategori : | B17: =DLD!B11 -> 1 | C17: =DLD!C11 -> 1 | D17: =DLD!D11 -> 1 | E17: =DLD!E11 -> 1 | F17: =DLD!F11 -> 1 | G17: =DLD!G11 -> 1 | H17: =DLD!H11 -> 0 | ... K17: =DLD!K11 -> 1 | L17: =COUNTIF($B$8:$K$8,"Laki-Laki") -> 5 | M17: =COUNTIF($B$8:$K$8,"Perempuan") -> 5 | N17: =SUMIF($B$8:$K$8,"Laki-Laki",DLD!B11:K11) -> 4 | O17: =SUMIF($B$8:$K$8,"Perempuan",DLD!B11:K11) -> 4 | P17: =IF(N17=0,0.3,IF(N17=L17,L17-0.3,N17)) -> 4 | Q17: =IF(O17=0,0.3,IF(O17=M17,M17-0.3,O17)) -> 4 | R17: =LN((L17-P17)/P17) -> -1.3862944 | S17: =LN((M17-Q17)/Q17) -> -1.3862944 | T17: =R17-AVERAGE($R$11:$R$110) -> -1.4204306 | U17: =S17-AVERAGE($S$11:$S$110) -> -1.4204306 | V17: =SQRT(1/P17+1/(L17-P17)) -> 1.118034 | W17: =SQRT(1/Q17+1/(M17-Q17)) -> 1.118034 | X17: =T17-U17 -> 0 | Y17: =SQRT(V17^2+W17^2) -> 1.5811388 | Z17: =X17/Y17 -> 0 | AA17: =IF(AND(ABS(X17)>=$B$4,ABS(Z17)>=$B$5),"DIF Besar - review",IF(AND(ABS(X17)>=$B$3,ABS(Z17)>=$B$5),"DIF Moderat - cek","Negligible")) -> Negligible | AB17: =IF(ABS(X17)>=$B$4,"Berpotensi Bias - Tinjau Konten",IF(ABS(X17)>=$B$3,"Indikasi Ringan - Pantau","Tidak Ada Indikasi Bias")) -> Tidak Ada Indikasi Bias
A18: =DLD!A12 -> 8. Sebuah operasi Lifting, berat payload 60 ton, utilization crane 65% termasuk kategori : | B18: =DLD!B12 -> 1 | C18: =DLD!C12 -> 1 | D18: =DLD!D12 -> 1 | E18: =DLD!E12 -> 1 | F18: =DLD!F12 -> 1 | G18: =DLD!G12 -> 1 | H18: =DLD!H12 -> 0 | ... K18: =DLD!K12 -> 0 | L18: =COUNTIF($B$8:$K$8,"Laki-Laki") -> 5 | M18: =COUNTIF($B$8:$K$8,"Perempuan") -> 5 | N18: =SUMIF($B$8:$K$8,"Laki-Laki",DLD!B12:K12) -> 3 | O18: =SUMIF($B$8:$K$8,"Perempuan",DLD!B12:K12) -> 3 | P18: =IF(N18=0,0.3,IF(N18=L18,L18-0.3,N18)) -> 3 | Q18: =IF(O18=0,0.3,IF(O18=M18,M18-0.3,O18)) -> 3 | R18: =LN((L18-P18)/P18) -> -0.40546511 | S18: =LN((M18-Q18)/Q18) -> -0.40546511 | T18: =R18-AVERAGE($R$11:$R$110) -> -0.43960131 | U18: =S18-AVERAGE($S$11:$S$110) -> -0.43960131 | V18: =SQRT(1/P18+1/(L18-P18)) -> 0.91287093 | W18: =SQRT(1/Q18+1/(M18-Q18)) -> 0.91287093 | X18: =T18-U18 -> 0 | Y18: =SQRT(V18^2+W18^2) -> 1.2909944 | Z18: =X18/Y18 -> 0 | AA18: =IF(AND(ABS(X18)>=$B$4,ABS(Z18)>=$B$5),"DIF Besar - review",IF(AND(ABS(X18)>=$B$3,ABS(Z18)>=$B$5),"DIF Moderat - cek","Negligible")) -> Negligible | AB18: =IF(ABS(X18)>=$B$4,"Berpotensi Bias - Tinjau Konten",IF(ABS(X18)>=$B$3,"Indikasi Ringan - Pantau","Tidak Ada Indikasi Bias")) -> Tidak Ada Indikasi Bias
A19: =DLD!A13 -> 9. Sebuah operasi Lifting, berat payload 60 ton, kapasitas crane 65 ton, termasuk kategori : | B19: =DLD!B13 -> 1 | C19: =DLD!C13 -> 1 | D19: =DLD!D13 -> 1 | E19: =DLD!E13 -> 0 | F19: =DLD!F13 -> 1 | G19: =DLD!G13 -> 0 | H19: =DLD!H13 -> 0 | ... K19: =DLD!K13 -> 0 | L19: =COUNTIF($B$8:$K$8,"Laki-Laki") -> 5 | M19: =COUNTIF($B$8:$K$8,"Perempuan") -> 5 | N19: =SUMIF($B$8:$K$8,"Laki-Laki",DLD!B13:K13) -> 2 | O19: =SUMIF($B$8:$K$8,"Perempuan",DLD!B13:K13) -> 2 | P19: =IF(N19=0,0.3,IF(N19=L19,L19-0.3,N19)) -> 2 | Q19: =IF(O19=0,0.3,IF(O19=M19,M19-0.3,O19)) -> 2 | R19: =LN((L19-P19)/P19) -> 0.40546511 | S19: =LN((M19-Q19)/Q19) -> 0.40546511 | T19: =R19-AVERAGE($R$11:$R$110) -> 0.37132891 | U19: =S19-AVERAGE($S$11:$S$110) -> 0.37132891 | V19: =SQRT(1/P19+1/(L19-P19)) -> 0.91287093 | W19: =SQRT(1/Q19+1/(M19-Q19)) -> 0.91287093 | X19: =T19-U19 -> 0 | Y19: =SQRT(V19^2+W19^2) -> 1.2909944 | Z19: =X19/Y19 -> 0 | AA19: =IF(AND(ABS(X19)>=$B$4,ABS(Z19)>=$B$5),"DIF Besar - review",IF(AND(ABS(X19)>=$B$3,ABS(Z19)>=$B$5),"DIF Moderat - cek","Negligible")) -> Negligible | AB19: =IF(ABS(X19)>=$B$4,"Berpotensi Bias - Tinjau Konten",IF(ABS(X19)>=$B$3,"Indikasi Ringan - Pantau","Tidak Ada Indikasi Bias")) -> Tidak Ada Indikasi Bias
A20: =DLD!A14 -> 10. Sebuah operasi Lifting, berat payload 55 ton, menggunakan 2 crane, utilization crane 1 65%, crane 2 78%, termasuk kategori : | B20: =DLD!B14 -> 0 | C20: =DLD!C14 -> 0 | D20: =DLD!D14 -> 1 | E20: =DLD!E14 -> 1 | F20: =DLD!F14 -> 1 | G20: =DLD!G14 -> 1 | H20: =DLD!H14 -> 0 | ... K20: =DLD!K14 -> 0 | L20: =COUNTIF($B$8:$K$8,"Laki-Laki") -> 5 | M20: =COUNTIF($B$8:$K$8,"Perempuan") -> 5 | N20: =SUMIF($B$8:$K$8,"Laki-Laki",DLD!B14:K14) -> 2 | O20: =SUMIF($B$8:$K$8,"Perempuan",DLD!B14:K14) -> 2 | P20: =IF(N20=0,0.3,IF(N20=L20,L20-0.3,N20)) -> 2 | Q20: =IF(O20=0,0.3,IF(O20=M20,M20-0.3,O20)) -> 2 | R20: =LN((L20-P20)/P20) -> 0.40546511 | S20: =LN((M20-Q20)/Q20) -> 0.40546511 | T20: =R20-AVERAGE($R$11:$R$110) -> 0.37132891 | U20: =S20-AVERAGE($S$11:$S$110) -> 0.37132891 | V20: =SQRT(1/P20+1/(L20-P20)) -> 0.91287093 | W20: =SQRT(1/Q20+1/(M20-Q20)) -> 0.91287093 | X20: =T20-U20 -> 0 | Y20: =SQRT(V20^2+W20^2) -> 1.2909944 | Z20: =X20/Y20 -> 0 | AA20: =IF(AND(ABS(X20)>=$B$4,ABS(Z20)>=$B$5),"DIF Besar - review",IF(AND(ABS(X20)>=$B$3,ABS(Z20)>=$B$5),"DIF Moderat - cek","Negligible")) -> Negligible | AB20: =IF(ABS(X20)>=$B$4,"Berpotensi Bias - Tinjau Konten",IF(ABS(X20)>=$B$3,"Indikasi Ringan - Pantau","Tidak Ada Indikasi Bias")) -> Tidak Ada Indikasi Bias
A21: =DLD!A15 -> 11. Personel dalam tim lifting yang bertanggung jawab memeriksa peralatan rigging, memilih peralatan sesuai Lifting Plan, beban, memasang sling, shackle, adalah tugas dari : | B21: =DLD!B15 -> 1 | C21: =DLD!C15 -> 1 | D21: =DLD!D15 -> 0 | E21: =DLD!E15 -> 0 | F21: =DLD!F15 -> 0 | G21: =DLD!G15 -> 0 | H21: =DLD!H15 -> 0 | ... K21: =DLD!K15 -> 0 | L21: =COUNTIF($B$8:$K$8,"Laki-Laki") -> 5 | M21: =COUNTIF($B$8:$K$8,"Perempuan") -> 5 | N21: =SUMIF($B$8:$K$8,"Laki-Laki",DLD!B15:K15) -> 1 | O21: =SUMIF($B$8:$K$8,"Perempuan",DLD!B15:K15) -> 1 | P21: =IF(N21=0,0.3,IF(N21=L21,L21-0.3,N21)) -> 1 | Q21: =IF(O21=0,0.3,IF(O21=M21,M21-0.3,O21)) -> 1 | R21: =LN((L21-P21)/P21) -> 1.3862944 | S21: =LN((M21-Q21)/Q21) -> 1.3862944 | T21: =R21-AVERAGE($R$11:$R$110) -> 1.3521582 | U21: =S21-AVERAGE($S$11:$S$110) -> 1.3521582 | V21: =SQRT(1/P21+1/(L21-P21)) -> 1.118034 | W21: =SQRT(1/Q21+1/(M21-Q21)) -> 1.118034 | X21: =T21-U21 -> 0 | Y21: =SQRT(V21^2+W21^2) -> 1.5811388 | Z21: =X21/Y21 -> 0 | AA21: =IF(AND(ABS(X21)>=$B$4,ABS(Z21)>=$B$5),"DIF Besar - review",IF(AND(ABS(X21)>=$B$3,ABS(Z21)>=$B$5),"DIF Moderat - cek","Negligible")) -> Negligible | AB21: =IF(ABS(X21)>=$B$4,"Berpotensi Bias - Tinjau Konten",IF(ABS(X21)>=$B$3,"Indikasi Ringan - Pantau","Tidak Ada Indikasi Bias")) -> Tidak Ada Indikasi Bias
A22: =DLD!A16 -> 12. Personel dalam tim lifting yang bertanggung jawab mengoperasikan crane, adalah tugas dari : | B22: =DLD!B16 -> 0 | C22: =DLD!C16 -> 0 | D22: =DLD!D16 -> 0 | E22: =DLD!E16 -> 0 | F22: =DLD!F16 -> 0 | G22: =DLD!G16 -> 0 | H22: =DLD!H16 -> 0 | ... K22: =DLD!K16 -> 1 | L22: =COUNTIF($B$8:$K$8,"Laki-Laki") -> 5 | M22: =COUNTIF($B$8:$K$8,"Perempuan") -> 5 | N22: =SUMIF($B$8:$K$8,"Laki-Laki",DLD!B16:K16) -> 1 | O22: =SUMIF($B$8:$K$8,"Perempuan",DLD!B16:K16) -> 1 | P22: =IF(N22=0,0.3,IF(N22=L22,L22-0.3,N22)) -> 1 | Q22: =IF(O22=0,0.3,IF(O22=M22,M22-0.3,O22)) -> 1 | R22: =LN((L22-P22)/P22) -> 1.3862944 | S22: =LN((M22-Q22)/Q22) -> 1.3862944 | T22: =R22-AVERAGE($R$11:$R$110) -> 1.3521582 | U22: =S22-AVERAGE($S$11:$S$110) -> 1.3521582 | V22: =SQRT(1/P22+1/(L22-P22)) -> 1.118034 | W22: =SQRT(1/Q22+1/(M22-Q22)) -> 1.118034 | X22: =T22-U22 -> 0 | Y22: =SQRT(V22^2+W22^2) -> 1.5811388 | Z22: =X22/Y22 -> 0 | AA22: =IF(AND(ABS(X22)>=$B$4,ABS(Z22)>=$B$5),"DIF Besar - review",IF(AND(ABS(X22)>=$B$3,ABS(Z22)>=$B$5),"DIF Moderat - cek","Negligible")) -> Negligible | AB22: =IF(ABS(X22)>=$B$4,"Berpotensi Bias - Tinjau Konten",IF(ABS(X22)>=$B$3,"Indikasi Ringan - Pantau","Tidak Ada Indikasi Bias")) -> Tidak Ada Indikasi Bias
... A110: =DLD!A104 -> 100. Dalam standar DNVGL-ST-N001, beban yang diangkat perlu dikalikan dengan COG factor, apa alasannya ? | B110: =DLD!B104 -> 1 | C110: =DLD!C104 -> 1 | D110: =DLD!D104 -> 1 | E110: =DLD!E104 -> 0 | F110: =DLD!F104 -> 1 | G110: =DLD!G104 -> 0 | H110: =DLD!H104 -> 0 | ... K110: =DLD!K104 -> 1 | L110: =COUNTIF($B$8:$K$8,"Laki-Laki") -> 5 | M110: =COUNTIF($B$8:$K$8,"Perempuan") -> 5 | N110: =SUMIF($B$8:$K$8,"Laki-Laki",DLD!B104:K104) -> 3 | O110: =SUMIF($B$8:$K$8,"Perempuan",DLD!B104:K104) -> 3 | P110: =IF(N110=0,0.3,IF(N110=L110,L110-0.3,N110)) -> 3 | Q110: =IF(O110=0,0.3,IF(O110=M110,M110-0.3,O110)) -> 3 | R110: =LN((L110-P110)/P110) -> -0.40546511 | S110: =LN((M110-Q110)/Q110) -> -0.40546511 | T110: =R110-AVERAGE($R$11:$R$110) -> -0.43960131 | U110: =S110-AVERAGE($S$11:$S$110) -> -0.43960131 | V110: =SQRT(1/P110+1/(L110-P110)) -> 0.91287093 | W110: =SQRT(1/Q110+1/(M110-Q110)) -> 0.91287093 | X110: =T110-U110 -> 0 | Y110: =SQRT(V110^2+W110^2) -> 1.2909944 | Z110: =X110/Y110 -> 0 | AA110: =IF(AND(ABS(X110)>=$B$4,ABS(Z110)>=$B$5),"DIF Besar - review",IF(AND(ABS(X110)>=$B$3,ABS(Z110)>=$B$5),"DIF Moderat - cek","Negligible")) -> Negligible | AB110: =IF(ABS(X110)>=$B$4,"Berpotensi Bias - Tinjau Konten",IF(ABS(X110)>=$B$3,"Indikasi Ringan - Pantau","Tidak Ada Indikasi Bias")) -> Tidak Ada Indikasi Bias
B111: =SUM(B11:B110) -> 78 | C111: =SUM(C11:C110) -> 78 | D111: =SUM(D11:D110) -> 77 | E111: =SUM(E11:E110) -> 53 | F111: =SUM(F11:F110) -> 77 | G111: =SUM(G11:G110) -> 53 | H111: =SUM(H11:H110) -> 18 | I111: =SUM(I11:I110) -> 18 | ... K111: =SUM(K11:K110) -> 20

Sheet DIF-Rasch-LDT
A1: UJI RASCH DIF (Pendekatan PROX) — Skema LDT
A3: Ambang DIF (logit) - Moderat | B3: 0.5 | N3: Ringkasan Signifikansi Statistik (t-test) | Q3: Ringkasan Kesimpulan Praktis (Kontras)
A4: Ambang DIF (logit) - Besar | B4: 1 | N4: DIF Besar - review | O4: =COUNTIF($AA$11:$AA$110,"DIF Besar - review") -> 0 | Q4: Berpotensi Bias - Tinjau Konten | R4: =COUNTIF($AB$11:$AB$110,"Berpotensi Bias - Tinjau Konten") -> 0
A5: Ambang |t| minimum | B5: 2 | N5: DIF Moderat - cek | O5: =COUNTIF($AA$11:$AA$110,"DIF Moderat - cek") -> 0 | Q5: Indikasi Ringan - Pantau | R5: =COUNTIF($AB$11:$AB$110,"Indikasi Ringan - Pantau") -> 0
A6: Kontras DIF Maksimum (data ini) | B6: =_xlfn.AGGREGATE(14,6,ABS(X11:X110),1) -> 0 | N6: Negligible | O6: =COUNTIF($AA$11:$AA$110,"Negligible") -> 100 | Q6: Tidak Ada Indikasi Bias | R6: =COUNTIF($AB$11:$AB$110,"Tidak Ada Indikasi Bias") -> 100
A8: Jenis Kelamin | B8: =LDT!B2 -> Perempuan | C8: =LDT!C2 -> Laki-Laki | D8: =LDT!D2 -> Perempuan | E8: =LDT!E2 -> Perempuan | F8: =LDT!F2 -> Laki-Laki | G8: =LDT!G2 -> Laki-Laki | H8: =LDT!H2 -> Perempuan | I8: =LDT!I2 -> Laki-Laki | ... K8: =LDT!K2 -> Laki-Laki
A9: Soal | B9: Asesi | L9: N (L) | M9: N (P) | N9: S (L) | O9: S (P) | P9: S adj (L) | Q9: S adj (P) | R9: β mentah (L) | S9: β mentah (P) | T9: β center (L) | U9: β center (P) | V9: SE (L) | W9: SE (P) | X9: Kontras DIF | Y9: SE Gabungan | Z9: t-stat | AA9: Klasifikasi DIF | AB9: Kesimpulan Praktis (Kontras)
B10: 1 | C10: 2 | D10: 3 | E10: 4 | F10: 5 | G10: 6 | H10: 7 | I10: 8 | J10: 9 | K10: 10
A11: =LDT!A5 -> 1. Peraturan yang mengatur secara spesifik prosedur lifting dan rigging di Indonesia, | B11: =LDT!B5 -> 1 | C11: =LDT!C5 -> 1 | D11: =LDT!D5 -> 0 | E11: =LDT!E5 -> 0 | F11: =LDT!F5 -> 0 | G11: =LDT!G5 -> 0 | H11: =LDT!H5 -> 0 | ... K11: =LDT!K5 -> 0 | L11: =COUNTIF($B$8:$K$8,"Laki-Laki") -> 5 | M11: =COUNTIF($B$8:$K$8,"Perempuan") -> 5 | N11: =SUMIF($B$8:$K$8,"Laki-Laki",LDT!B5:K5) -> 1 | O11: =SUMIF($B$8:$K$8,"Perempuan",LDT!B5:K5) -> 1 | P11: =IF(N11=0,0.3,IF(N11=L11,L11-0.3,N11)) -> 1 | Q11: =IF(O11=0,0.3,IF(O11=M11,M11-0.3,O11)) -> 1 | R11: =LN((L11-P11)/P11) -> 1.3862944 | S11: =LN((M11-Q11)/Q11) -> 1.3862944 | T11: =R11-AVERAGE($R$11:$R$110) -> 1.6891945 | U11: =S11-AVERAGE($S$11:$S$110) -> 1.6891945 | V11: =SQRT(1/P11+1/(L11-P11)) -> 1.118034 | W11: =SQRT(1/Q11+1/(M11-Q11)) -> 1.118034 | X11: =T11-U11 -> 0 | Y11: =SQRT(V11^2+W11^2) -> 1.5811388 | Z11: =X11/Y11 -> 0 | AA11: =IF(AND(ABS(X11)>=$B$4,ABS(Z11)>=$B$5),"DIF Besar - review",IF(AND(ABS(X11)>=$B$3,ABS(Z11)>=$B$5),"DIF Moderat - cek","Negligible")) -> Negligible | AB11: =IF(ABS(X11)>=$B$4,"Berpotensi Bias - Tinjau Konten",IF(ABS(X11)>=$B$3,"Indikasi Ringan - Pantau","Tidak Ada Indikasi Bias")) -> Tidak Ada Indikasi Bias
A12: =LDT!A6 -> 2. Standar Lifting yang dari ASME adalah | B12: =LDT!B6 -> 1 | C12: =LDT!C6 -> 1 | D12: =LDT!D6 -> 1 | E12: =LDT!E6 -> 1 | F12: =LDT!F6 -> 1 | G12: =LDT!G6 -> 1 | H12: =LDT!H6 -> 0 | ... K12: =LDT!K6 -> 1 | L12: =COUNTIF($B$8:$K$8,"Laki-Laki") -> 5 | M12: =COUNTIF($B$8:$K$8,"Perempuan") -> 5 | N12: =SUMIF($B$8:$K$8,"Laki-Laki",LDT!B6:K6) -> 4 | O12: =SUMIF($B$8:$K$8,"Perempuan",LDT!B6:K6) -> 4 | P12: =IF(N12=0,0.3,IF(N12=L12,L12-0.3,N12)) -> 4 | Q12: =IF(O12=0,0.3,IF(O12=M12,M12-0.3,O12)) -> 4 | R12: =LN((L12-P12)/P12) -> -1.3862944 | S12: =LN((M12-Q12)/Q12) -> -1.3862944 | T12: =R12-AVERAGE($R$11:$R$110) -> -1.0833942 | U12: =S12-AVERAGE($S$11:$S$110) -> -1.0833942 | V12: =SQRT(1/P12+1/(L12-P12)) -> 1.118034 | W12: =SQRT(1/Q12+1/(M12-Q12)) -> 1.118034 | X12: =T12-U12 -> 0 | Y12: =SQRT(V12^2+W12^2) -> 1.5811388 | Z12: =X12/Y12 -> 0 | AA12: =IF(AND(ABS(X12)>=$B$4,ABS(Z12)>=$B$5),"DIF Besar - review",IF(AND(ABS(X12)>=$B$3,ABS(Z12)>=$B$5),"DIF Moderat - cek","Negligible")) -> Negligible | AB12: =IF(ABS(X12)>=$B$4,"Berpotensi Bias - Tinjau Konten",IF(ABS(X12)>=$B$3,"Indikasi Ringan - Pantau","Tidak Ada Indikasi Bias")) -> Tidak Ada Indikasi Bias
A13: =LDT!A7 -> 3. Berikut ini adalah acuan Lifting dari British Standard, kecuali | B13: =LDT!B7 -> 1 | C13: =LDT!C7 -> 1 | D13: =LDT!D7 -> 1 | E13: =LDT!E7 -> 1 | F13: =LDT!F7 -> 1 | G13: =LDT!G7 -> 1 | H13: =LDT!H7 -> 0 | ... K13: =LDT!K7 -> 1 | L13: =COUNTIF($B$8:$K$8,"Laki-Laki") -> 5 | M13: =COUNTIF($B$8:$K$8,"Perempuan") -> 5 | N13: =SUMIF($B$8:$K$8,"Laki-Laki",LDT!B7:K7) -> 4 | O13: =SUMIF($B$8:$K$8,"Perempuan",LDT!B7:K7) -> 4 | P13: =IF(N13=0,0.3,IF(N13=L13,L13-0.3,N13)) -> 4 | Q13: =IF(O13=0,0.3,IF(O13=M13,M13-0.3,O13)) -> 4 | R13: =LN((L13-P13)/P13) -> -1.3862944 | S13: =LN((M13-Q13)/Q13) -> -1.3862944 | T13: =R13-AVERAGE($R$11:$R$110) -> -1.0833942 | U13: =S13-AVERAGE($S$11:$S$110) -> -1.0833942 | V13: =SQRT(1/P13+1/(L13-P13)) -> 1.118034 | W13: =SQRT(1/Q13+1/(M13-Q13)) -> 1.118034 | X13: =T13-U13 -> 0 | Y13: =SQRT(V13^2+W13^2) -> 1.5811388 | Z13: =X13/Y13 -> 0 | AA13: =IF(AND(ABS(X13)>=$B$4,ABS(Z13)>=$B$5),"DIF Besar - review",IF(AND(ABS(X13)>=$B$3,ABS(Z13)>=$B$5),"DIF Moderat - cek","Negligible")) -> Negligible | AB13: =IF(ABS(X13)>=$B$4,"Berpotensi Bias - Tinjau Konten",IF(ABS(X13)>=$B$3,"Indikasi Ringan - Pantau","Tidak Ada Indikasi Bias")) -> Tidak Ada Indikasi Bias
A14: =LDT!A8 -> 4. Standar Lifting yang dari DNV adalah | B14: =LDT!B8 -> 1 | C14: =LDT!C8 -> 1 | D14: =LDT!D8 -> 1 | E14: =LDT!E8 -> 0 | F14: =LDT!F8 -> 1 | G14: =LDT!G8 -> 0 | H14: =LDT!H8 -> 0 | ... K14: =LDT!K8 -> 1 | L14: =COUNTIF($B$8:$K$8,"Laki-Laki") -> 5 | M14: =COUNTIF($B$8:$K$8,"Perempuan") -> 5 | N14: =SUMIF($B$8:$K$8,"Laki-Laki",LDT!B8:K8) -> 3 | O14: =SUMIF($B$8:$K$8,"Perempuan",LDT!B8:K8) -> 3 | P14: =IF(N14=0,0.3,IF(N14=L14,L14-0.3,N14)) -> 3 | Q14: =IF(O14=0,0.3,IF(O14=M14,M14-0.3,O14)) -> 3 | R14: =LN((L14-P14)/P14) -> -0.40546511 | S14: =LN((M14-Q14)/Q14) -> -0.40546511 | T14: =R14-AVERAGE($R$11:$R$110) -> -0.10256499 | U14: =S14-AVERAGE($S$11:$S$110) -> -0.10256499 | V14: =SQRT(1/P14+1/(L14-P14)) -> 0.91287093 | W14: =SQRT(1/Q14+1/(M14-Q14)) -> 0.91287093 | X14: =T14-U14 -> 0 | Y14: =SQRT(V14^2+W14^2) -> 1.2909944 | Z14: =X14/Y14 -> 0 | AA14: =IF(AND(ABS(X14)>=$B$4,ABS(Z14)>=$B$5),"DIF Besar - review",IF(AND(ABS(X14)>=$B$3,ABS(Z14)>=$B$5),"DIF Moderat - cek","Negligible")) -> Negligible | AB14: =IF(ABS(X14)>=$B$4,"Berpotensi Bias - Tinjau Konten",IF(ABS(X14)>=$B$3,"Indikasi Ringan - Pantau","Tidak Ada Indikasi Bias")) -> Tidak Ada Indikasi Bias
A15: =LDT!A9 -> 5. Pengangkatan beban di bawah 10 ton masuk pada kategori : | B15: =LDT!B9 -> 1 | C15: =LDT!C9 -> 1 | D15: =LDT!D9 -> 0 | E15: =LDT!E9 -> 1 | F15: =LDT!F9 -> 0 | G15: =LDT!G9 -> 1 | H15: =LDT!H9 -> 0 | ... K15: =LDT!K9 -> 0 | L15: =COUNTIF($B$8:$K$8,"Laki-Laki") -> 5 | M15: =COUNTIF($B$8:$K$8,"Perempuan") -> 5 | N15: =SUMIF($B$8:$K$8,"Laki-Laki",LDT!B9:K9) -> 2 | O15: =SUMIF($B$8:$K$8,"Perempuan",LDT!B9:K9) -> 2 | P15: =IF(N15=0,0.3,IF(N15=L15,L15-0.3,N15)) -> 2 | Q15: =IF(O15=0,0.3,IF(O15=M15,M15-0.3,O15)) -> 2 | R15: =LN((L15-P15)/P15) -> 0.40546511 | S15: =LN((M15-Q15)/Q15) -> 0.40546511 | T15: =R15-AVERAGE($R$11:$R$110) -> 0.70836523 | U15: =S15-AVERAGE($S$11:$S$110) -> 0.70836523 | V15: =SQRT(1/P15+1/(L15-P15)) -> 0.91287093 | W15: =SQRT(1/Q15+1/(M15-Q15)) -> 0.91287093 | X15: =T15-U15 -> 0 | Y15: =SQRT(V15^2+W15^2) -> 1.2909944 | Z15: =X15/Y15 -> 0 | AA15: =IF(AND(ABS(X15)>=$B$4,ABS(Z15)>=$B$5),"DIF Besar - review",IF(AND(ABS(X15)>=$B$3,ABS(Z15)>=$B$5),"DIF Moderat - cek","Negligible")) -> Negligible | AB15: =IF(ABS(X15)>=$B$4,"Berpotensi Bias - Tinjau Konten",IF(ABS(X15)>=$B$3,"Indikasi Ringan - Pantau","Tidak Ada Indikasi Bias")) -> Tidak Ada Indikasi Bias
A16: =LDT!A10 -> 6. Sebuah operasi Lifting, berat payload 25 ton, SWL crane 30 ton, termasuk kategori : | B16: =LDT!B10 -> 1 | C16: =LDT!C10 -> 1 | D16: =LDT!D10 -> 1 | E16: =LDT!E10 -> 1 | F16: =LDT!F10 -> 1 | G16: =LDT!G10 -> 1 | H16: =LDT!H10 -> 0 | ... K16: =LDT!K10 -> 0 | L16: =COUNTIF($B$8:$K$8,"Laki-Laki") -> 5 | M16: =COUNTIF($B$8:$K$8,"Perempuan") -> 5 | N16: =SUMIF($B$8:$K$8,"Laki-Laki",LDT!B10:K10) -> 3 | O16: =SUMIF($B$8:$K$8,"Perempuan",LDT!B10:K10) -> 3 | P16: =IF(N16=0,0.3,IF(N16=L16,L16-0.3,N16)) -> 3 | Q16: =IF(O16=0,0.3,IF(O16=M16,M16-0.3,O16)) -> 3 | R16: =LN((L16-P16)/P16) -> -0.40546511 | S16: =LN((M16-Q16)/Q16) -> -0.40546511 | T16: =R16-AVERAGE($R$11:$R$110) -> -0.10256499 | U16: =S16-AVERAGE($S$11:$S$110) -> -0.10256499 | V16: =SQRT(1/P16+1/(L16-P16)) -> 0.91287093 | W16: =SQRT(1/Q16+1/(M16-Q16)) -> 0.91287093 | X16: =T16-U16 -> 0 | Y16: =SQRT(V16^2+W16^2) -> 1.2909944 | Z16: =X16/Y16 -> 0 | AA16: =IF(AND(ABS(X16)>=$B$4,ABS(Z16)>=$B$5),"DIF Besar - review",IF(AND(ABS(X16)>=$B$3,ABS(Z16)>=$B$5),"DIF Moderat - cek","Negligible")) -> Negligible | AB16: =IF(ABS(X16)>=$B$4,"Berpotensi Bias - Tinjau Konten",IF(ABS(X16)>=$B$3,"Indikasi Ringan - Pantau","Tidak Ada Indikasi Bias")) -> Tidak Ada Indikasi Bias
A17: =LDT!A11 -> 7. Sebuah operasi Lifting, berat payload 25 ton, menggunakan 2 crane, utilization crane 1 65%, crane 2 51%, termasuk kategori : | B17: =LDT!B11 -> 1 | C17: =LDT!C11 -> 1 | D17: =LDT!D11 -> 1 | E17: =LDT!E11 -> 0 | F17: =LDT!F11 -> 1 | G17: =LDT!G11 -> 0 | H17: =LDT!H11 -> 1 | ... K17: =LDT!K11 -> 0 | L17: =COUNTIF($B$8:$K$8,"Laki-Laki") -> 5 | M17: =COUNTIF($B$8:$K$8,"Perempuan") -> 5 | N17: =SUMIF($B$8:$K$8,"Laki-Laki",LDT!B11:K11) -> 3 | O17: =SUMIF($B$8:$K$8,"Perempuan",LDT!B11:K11) -> 3 | P17: =IF(N17=0,0.3,IF(N17=L17,L17-0.3,N17)) -> 3 | Q17: =IF(O17=0,0.3,IF(O17=M17,M17-0.3,O17)) -> 3 | R17: =LN((L17-P17)/P17) -> -0.40546511 | S17: =LN((M17-Q17)/Q17) -> -0.40546511 | T17: =R17-AVERAGE($R$11:$R$110) -> -0.10256499 | U17: =S17-AVERAGE($S$11:$S$110) -> -0.10256499 | V17: =SQRT(1/P17+1/(L17-P17)) -> 0.91287093 | W17: =SQRT(1/Q17+1/(M17-Q17)) -> 0.91287093 | X17: =T17-U17 -> 0 | Y17: =SQRT(V17^2+W17^2) -> 1.2909944 | Z17: =X17/Y17 -> 0 | AA17: =IF(AND(ABS(X17)>=$B$4,ABS(Z17)>=$B$5),"DIF Besar - review",IF(AND(ABS(X17)>=$B$3,ABS(Z17)>=$B$5),"DIF Moderat - cek","Negligible")) -> Negligible | AB17: =IF(ABS(X17)>=$B$4,"Berpotensi Bias - Tinjau Konten",IF(ABS(X17)>=$B$3,"Indikasi Ringan - Pantau","Tidak Ada Indikasi Bias")) -> Tidak Ada Indikasi Bias
A18: =LDT!A12 -> 8. Sebuah operasi Lifting, berat payload 60 ton, utilization crane 65% termasuk kategori : | B18: =LDT!B12 -> 1 | C18: =LDT!C12 -> 1 | D18: =LDT!D12 -> 0 | E18: =LDT!E12 -> 1 | F18: =LDT!F12 -> 0 | G18: =LDT!G12 -> 1 | H18: =LDT!H12 -> 0 | ... K18: =LDT!K12 -> 0 | L18: =COUNTIF($B$8:$K$8,"Laki-Laki") -> 5 | M18: =COUNTIF($B$8:$K$8,"Perempuan") -> 5 | N18: =SUMIF($B$8:$K$8,"Laki-Laki",LDT!B12:K12) -> 2 | O18: =SUMIF($B$8:$K$8,"Perempuan",LDT!B12:K12) -> 2 | P18: =IF(N18=0,0.3,IF(N18=L18,L18-0.3,N18)) -> 2 | Q18: =IF(O18=0,0.3,IF(O18=M18,M18-0.3,O18)) -> 2 | R18: =LN((L18-P18)/P18) -> 0.40546511 | S18: =LN((M18-Q18)/Q18) -> 0.40546511 | T18: =R18-AVERAGE($R$11:$R$110) -> 0.70836523 | U18: =S18-AVERAGE($S$11:$S$110) -> 0.70836523 | V18: =SQRT(1/P18+1/(L18-P18)) -> 0.91287093 | W18: =SQRT(1/Q18+1/(M18-Q18)) -> 0.91287093 | X18: =T18-U18 -> 0 | Y18: =SQRT(V18^2+W18^2) -> 1.2909944 | Z18: =X18/Y18 -> 0 | AA18: =IF(AND(ABS(X18)>=$B$4,ABS(Z18)>=$B$5),"DIF Besar - review",IF(AND(ABS(X18)>=$B$3,ABS(Z18)>=$B$5),"DIF Moderat - cek","Negligible")) -> Negligible | AB18: =IF(ABS(X18)>=$B$4,"Berpotensi Bias - Tinjau Konten",IF(ABS(X18)>=$B$3,"Indikasi Ringan - Pantau","Tidak Ada Indikasi Bias")) -> Tidak Ada Indikasi Bias
A19: =LDT!A13 -> 9. Sebuah operasi Lifting, berat payload 60 ton, kapasitas crane 65 ton, termasuk kategori : | B19: =LDT!B13 -> 1 | C19: =LDT!C13 -> 1 | D19: =LDT!D13 -> 1 | E19: =LDT!E13 -> 1 | F19: =LDT!F13 -> 1 | G19: =LDT!G13 -> 1 | H19: =LDT!H13 -> 1 | ... K19: =LDT!K13 -> 0 | L19: =COUNTIF($B$8:$K$8,"Laki-Laki") -> 5 | M19: =COUNTIF($B$8:$K$8,"Perempuan") -> 5 | N19: =SUMIF($B$8:$K$8,"Laki-Laki",LDT!B13:K13) -> 4 | O19: =SUMIF($B$8:$K$8,"Perempuan",LDT!B13:K13) -> 4 | P19: =IF(N19=0,0.3,IF(N19=L19,L19-0.3,N19)) -> 4 | Q19: =IF(O19=0,0.3,IF(O19=M19,M19-0.3,O19)) -> 4 | R19: =LN((L19-P19)/P19) -> -1.3862944 | S19: =LN((M19-Q19)/Q19) -> -1.3862944 | T19: =R19-AVERAGE($R$11:$R$110) -> -1.0833942 | U19: =S19-AVERAGE($S$11:$S$110) -> -1.0833942 | V19: =SQRT(1/P19+1/(L19-P19)) -> 1.118034 | W19: =SQRT(1/Q19+1/(M19-Q19)) -> 1.118034 | X19: =T19-U19 -> 0 | Y19: =SQRT(V19^2+W19^2) -> 1.5811388 | Z19: =X19/Y19 -> 0 | AA19: =IF(AND(ABS(X19)>=$B$4,ABS(Z19)>=$B$5),"DIF Besar - review",IF(AND(ABS(X19)>=$B$3,ABS(Z19)>=$B$5),"DIF Moderat - cek","Negligible")) -> Negligible | AB19: =IF(ABS(X19)>=$B$4,"Berpotensi Bias - Tinjau Konten",IF(ABS(X19)>=$B$3,"Indikasi Ringan - Pantau","Tidak Ada Indikasi Bias")) -> Tidak Ada Indikasi Bias
A20: =LDT!A14 -> 10. Sebuah operasi Lifting, berat payload 55 ton, menggunakan 2 crane, utilization crane 1 65%, crane 2 78%, termasuk kategori : | B20: =LDT!B14 -> 1 | C20: =LDT!C14 -> 1 | D20: =LDT!D14 -> 0 | E20: =LDT!E14 -> 1 | F20: =LDT!F14 -> 0 | G20: =LDT!G14 -> 1 | H20: =LDT!H14 -> 1 | ... K20: =LDT!K14 -> 1 | L20: =COUNTIF($B$8:$K$8,"Laki-Laki") -> 5 | M20: =COUNTIF($B$8:$K$8,"Perempuan") -> 5 | N20: =SUMIF($B$8:$K$8,"Laki-Laki",LDT!B14:K14) -> 4 | O20: =SUMIF($B$8:$K$8,"Perempuan",LDT!B14:K14) -> 4 | P20: =IF(N20=0,0.3,IF(N20=L20,L20-0.3,N20)) -> 4 | Q20: =IF(O20=0,0.3,IF(O20=M20,M20-0.3,O20)) -> 4 | R20: =LN((L20-P20)/P20) -> -1.3862944 | S20: =LN((M20-Q20)/Q20) -> -1.3862944 | T20: =R20-AVERAGE($R$11:$R$110) -> -1.0833942 | U20: =S20-AVERAGE($S$11:$S$110) -> -1.0833942 | V20: =SQRT(1/P20+1/(L20-P20)) -> 1.118034 | W20: =SQRT(1/Q20+1/(M20-Q20)) -> 1.118034 | X20: =T20-U20 -> 0 | Y20: =SQRT(V20^2+W20^2) -> 1.5811388 | Z20: =X20/Y20 -> 0 | AA20: =IF(AND(ABS(X20)>=$B$4,ABS(Z20)>=$B$5),"DIF Besar - review",IF(AND(ABS(X20)>=$B$3,ABS(Z20)>=$B$5),"DIF Moderat - cek","Negligible")) -> Negligible | AB20: =IF(ABS(X20)>=$B$4,"Berpotensi Bias - Tinjau Konten",IF(ABS(X20)>=$B$3,"Indikasi Ringan - Pantau","Tidak Ada Indikasi Bias")) -> Tidak Ada Indikasi Bias
A21: =LDT!A15 -> 11. Personel dalam tim lifting yang bertanggung jawab memeriksa peralatan rigging, memilih peralatan sesuai Lifting Plan, beban, memasang sling, shackle, adalah tugas dari : | B21: =LDT!B15 -> 1 | C21: =LDT!C15 -> 1 | D21: =LDT!D15 -> 1 | E21: =LDT!E15 -> 0 | F21: =LDT!F15 -> 1 | G21: =LDT!G15 -> 0 | H21: =LDT!H15 -> 1 | ... K21: =LDT!K15 -> 0 | L21: =COUNTIF($B$8:$K$8,"Laki-Laki") -> 5 | M21: =COUNTIF($B$8:$K$8,"Perempuan") -> 5 | N21: =SUMIF($B$8:$K$8,"Laki-Laki",LDT!B15:K15) -> 3 | O21: =SUMIF($B$8:$K$8,"Perempuan",LDT!B15:K15) -> 3 | P21: =IF(N21=0,0.3,IF(N21=L21,L21-0.3,N21)) -> 3 | Q21: =IF(O21=0,0.3,IF(O21=M21,M21-0.3,O21)) -> 3 | R21: =LN((L21-P21)/P21) -> -0.40546511 | S21: =LN((M21-Q21)/Q21) -> -0.40546511 | T21: =R21-AVERAGE($R$11:$R$110) -> -0.10256499 | U21: =S21-AVERAGE($S$11:$S$110) -> -0.10256499 | V21: =SQRT(1/P21+1/(L21-P21)) -> 0.91287093 | W21: =SQRT(1/Q21+1/(M21-Q21)) -> 0.91287093 | X21: =T21-U21 -> 0 | Y21: =SQRT(V21^2+W21^2) -> 1.2909944 | Z21: =X21/Y21 -> 0 | AA21: =IF(AND(ABS(X21)>=$B$4,ABS(Z21)>=$B$5),"DIF Besar - review",IF(AND(ABS(X21)>=$B$3,ABS(Z21)>=$B$5),"DIF Moderat - cek","Negligible")) -> Negligible | AB21: =IF(ABS(X21)>=$B$4,"Berpotensi Bias - Tinjau Konten",IF(ABS(X21)>=$B$3,"Indikasi Ringan - Pantau","Tidak Ada Indikasi Bias")) -> Tidak Ada Indikasi Bias
A22: =LDT!A16 -> 12. Personel dalam tim lifting yang bertanggung jawab mengoperasikan crane, adalah tugas dari : | B22: =LDT!B16 -> 1 | C22: =LDT!C16 -> 1 | D22: =LDT!D16 -> 1 | E22: =LDT!E16 -> 1 | F22: =LDT!F16 -> 1 | G22: =LDT!G16 -> 1 | H22: =LDT!H16 -> 0 | ... K22: =LDT!K16 -> 0 | L22: =COUNTIF($B$8:$K$8,"Laki-Laki") -> 5 | M22: =COUNTIF($B$8:$K$8,"Perempuan") -> 5 | N22: =SUMIF($B$8:$K$8,"Laki-Laki",LDT!B16:K16) -> 3 | O22: =SUMIF($B$8:$K$8,"Perempuan",LDT!B16:K16) -> 3 | P22: =IF(N22=0,0.3,IF(N22=L22,L22-0.3,N22)) -> 3 | Q22: =IF(O22=0,0.3,IF(O22=M22,M22-0.3,O22)) -> 3 | R22: =LN((L22-P22)/P22) -> -0.40546511 | S22: =LN((M22-Q22)/Q22) -> -0.40546511 | T22: =R22-AVERAGE($R$11:$R$110) -> -0.10256499 | U22: =S22-AVERAGE($S$11:$S$110) -> -0.10256499 | V22: =SQRT(1/P22+1/(L22-P22)) -> 0.91287093 | W22: =SQRT(1/Q22+1/(M22-Q22)) -> 0.91287093 | X22: =T22-U22 -> 0 | Y22: =SQRT(V22^2+W22^2) -> 1.2909944 | Z22: =X22/Y22 -> 0 | AA22: =IF(AND(ABS(X22)>=$B$4,ABS(Z22)>=$B$5),"DIF Besar - review",IF(AND(ABS(X22)>=$B$3,ABS(Z22)>=$B$5),"DIF Moderat - cek","Negligible")) -> Negligible | AB22: =IF(ABS(X22)>=$B$4,"Berpotensi Bias - Tinjau Konten",IF(ABS(X22)>=$B$3,"Indikasi Ringan - Pantau","Tidak Ada Indikasi Bias")) -> Tidak Ada Indikasi Bias
... A110: =LDT!A104 -> 100. Dalam standar DNVGL-ST-N001, beban yang diangkat perlu dikalikan dengan COG factor, apa alasannya ? | B110: =LDT!B104 -> 1 | C110: =LDT!C104 -> 1 | D110: =LDT!D104 -> 1 | E110: =LDT!E104 -> 0 | F110: =LDT!F104 -> 1 | G110: =LDT!G104 -> 0 | H110: =LDT!H104 -> 0 | ... K110: =LDT!K104 -> 1 | L110: =COUNTIF($B$8:$K$8,"Laki-Laki") -> 5 | M110: =COUNTIF($B$8:$K$8,"Perempuan") -> 5 | N110: =SUMIF($B$8:$K$8,"Laki-Laki",LDT!B104:K104) -> 3 | O110: =SUMIF($B$8:$K$8,"Perempuan",LDT!B104:K104) -> 3 | P110: =IF(N110=0,0.3,IF(N110=L110,L110-0.3,N110)) -> 3 | Q110: =IF(O110=0,0.3,IF(O110=M110,M110-0.3,O110)) -> 3 | R110: =LN((L110-P110)/P110) -> -0.40546511 | S110: =LN((M110-Q110)/Q110) -> -0.40546511 | T110: =R110-AVERAGE($R$11:$R$110) -> -0.10256499 | U110: =S110-AVERAGE($S$11:$S$110) -> -0.10256499 | V110: =SQRT(1/P110+1/(L110-P110)) -> 0.91287093 | W110: =SQRT(1/Q110+1/(M110-Q110)) -> 0.91287093 | X110: =T110-U110 -> 0 | Y110: =SQRT(V110^2+W110^2) -> 1.2909944 | Z110: =X110/Y110 -> 0 | AA110: =IF(AND(ABS(X110)>=$B$4,ABS(Z110)>=$B$5),"DIF Besar - review",IF(AND(ABS(X110)>=$B$3,ABS(Z110)>=$B$5),"DIF Moderat - cek","Negligible")) -> Negligible | AB110: =IF(ABS(X110)>=$B$4,"Berpotensi Bias - Tinjau Konten",IF(ABS(X110)>=$B$3,"Indikasi Ringan - Pantau","Tidak Ada Indikasi Bias")) -> Tidak Ada Indikasi Bias
B111: =SUM(B11:B110) -> 93 | C111: =SUM(C11:C110) -> 93 | D111: =SUM(D11:D110) -> 82 | E111: =SUM(E11:E110) -> 61 | F111: =SUM(F11:F110) -> 82 | G111: =SUM(G11:G110) -> 61 | H111: =SUM(H11:H110) -> 23 | I111: =SUM(I11:I110) -> 23 | ... K111: =SUM(K11:K110) -> 25

Sheet DIF-Rasch-LHC
A1: UJI RASCH DIF (Pendekatan PROX) — Skema LHC
A3: Ambang DIF (logit) - Moderat | B3: 0.5 | N3: Ringkasan Signifikansi Statistik (t-test) | Q3: Ringkasan Kesimpulan Praktis (Kontras)
A4: Ambang DIF (logit) - Besar | B4: 1 | N4: DIF Besar - review | O4: =COUNTIF($AA$11:$AA$110,"DIF Besar - review") -> 0 | Q4: Berpotensi Bias - Tinjau Konten | R4: =COUNTIF($AB$11:$AB$110,"Berpotensi Bias - Tinjau Konten") -> 0
A5: Ambang |t| minimum | B5: 2 | N5: DIF Moderat - cek | O5: =COUNTIF($AA$11:$AA$110,"DIF Moderat - cek") -> 0 | Q5: Indikasi Ringan - Pantau | R5: =COUNTIF($AB$11:$AB$110,"Indikasi Ringan - Pantau") -> 0
A6: Kontras DIF Maksimum (data ini) | B6: =_xlfn.AGGREGATE(14,6,ABS(X11:X110),1) -> 0 | N6: Negligible | O6: =COUNTIF($AA$11:$AA$110,"Negligible") -> 100 | Q6: Tidak Ada Indikasi Bias | R6: =COUNTIF($AB$11:$AB$110,"Tidak Ada Indikasi Bias") -> 100
A8: Jenis Kelamin | B8: =LHC!B2 -> Perempuan | C8: =LHC!C2 -> Laki-Laki | D8: =LHC!D2 -> Perempuan | E8: =LHC!E2 -> Perempuan | F8: =LHC!F2 -> Laki-Laki | G8: =LHC!G2 -> Laki-Laki | H8: =LHC!H2 -> Perempuan | I8: =LHC!I2 -> Laki-Laki | ... K8: =LHC!K2 -> Laki-Laki
A9: Soal | B9: Asesi | L9: N (L) | M9: N (P) | N9: S (L) | O9: S (P) | P9: S adj (L) | Q9: S adj (P) | R9: β mentah (L) | S9: β mentah (P) | T9: β center (L) | U9: β center (P) | V9: SE (L) | W9: SE (P) | X9: Kontras DIF | Y9: SE Gabungan | Z9: t-stat | AA9: Klasifikasi DIF | AB9: Kesimpulan Praktis (Kontras)
B10: 1 | C10: 2 | D10: 3 | E10: 4 | F10: 5 | G10: 6 | H10: 7 | I10: 8 | J10: 9 | K10: 10
A11: =LHC!A5 -> 1. Peraturan yang mengatur secara spesifik prosedur lifting dan rigging di Indonesia? | B11: =LHC!B5 -> 1 | C11: =LHC!C5 -> 1 | D11: =LHC!D5 -> 1 | E11: =LHC!E5 -> 1 | F11: =LHC!F5 -> 1 | G11: =LHC!G5 -> 1 | H11: =LHC!H5 -> 1 | ... K11: =LHC!K5 -> 0 | L11: =COUNTIF($B$8:$K$8,"Laki-Laki") -> 5 | M11: =COUNTIF($B$8:$K$8,"Perempuan") -> 5 | N11: =SUMIF($B$8:$K$8,"Laki-Laki",LHC!B5:K5) -> 4 | O11: =SUMIF($B$8:$K$8,"Perempuan",LHC!B5:K5) -> 4 | P11: =IF(N11=0,0.3,IF(N11=L11,L11-0.3,N11)) -> 4 | Q11: =IF(O11=0,0.3,IF(O11=M11,M11-0.3,O11)) -> 4 | R11: =LN((L11-P11)/P11) -> -1.3862944 | S11: =LN((M11-Q11)/Q11) -> -1.3862944 | T11: =R11-AVERAGE($R$11:$R$110) -> -1.1942978 | U11: =S11-AVERAGE($S$11:$S$110) -> -1.1942978 | V11: =SQRT(1/P11+1/(L11-P11)) -> 1.118034 | W11: =SQRT(1/Q11+1/(M11-Q11)) -> 1.118034 | X11: =T11-U11 -> 0 | Y11: =SQRT(V11^2+W11^2) -> 1.5811388 | Z11: =X11/Y11 -> 0 | AA11: =IF(AND(ABS(X11)>=$B$4,ABS(Z11)>=$B$5),"DIF Besar - review",IF(AND(ABS(X11)>=$B$3,ABS(Z11)>=$B$5),"DIF Moderat - cek","Negligible")) -> Negligible | AB11: =IF(ABS(X11)>=$B$4,"Berpotensi Bias - Tinjau Konten",IF(ABS(X11)>=$B$3,"Indikasi Ringan - Pantau","Tidak Ada Indikasi Bias")) -> Tidak Ada Indikasi Bias
A12: =LHC!A6 -> 2. Standar ASME tentang Sling | B12: =LHC!B6 -> 1 | C12: =LHC!C6 -> 1 | D12: =LHC!D6 -> 1 | E12: =LHC!E6 -> 0 | F12: =LHC!F6 -> 1 | G12: =LHC!G6 -> 0 | H12: =LHC!H6 -> 0 | ... K12: =LHC!K6 -> 1 | L12: =COUNTIF($B$8:$K$8,"Laki-Laki") -> 5 | M12: =COUNTIF($B$8:$K$8,"Perempuan") -> 5 | N12: =SUMIF($B$8:$K$8,"Laki-Laki",LHC!B6:K6) -> 3 | O12: =SUMIF($B$8:$K$8,"Perempuan",LHC!B6:K6) -> 3 | P12: =IF(N12=0,0.3,IF(N12=L12,L12-0.3,N12)) -> 3 | Q12: =IF(O12=0,0.3,IF(O12=M12,M12-0.3,O12)) -> 3 | R12: =LN((L12-P12)/P12) -> -0.40546511 | S12: =LN((M12-Q12)/Q12) -> -0.40546511 | T12: =R12-AVERAGE($R$11:$R$110) -> -0.21346854 | U12: =S12-AVERAGE($S$11:$S$110) -> -0.21346854 | V12: =SQRT(1/P12+1/(L12-P12)) -> 0.91287093 | W12: =SQRT(1/Q12+1/(M12-Q12)) -> 0.91287093 | X12: =T12-U12 -> 0 | Y12: =SQRT(V12^2+W12^2) -> 1.2909944 | Z12: =X12/Y12 -> 0 | AA12: =IF(AND(ABS(X12)>=$B$4,ABS(Z12)>=$B$5),"DIF Besar - review",IF(AND(ABS(X12)>=$B$3,ABS(Z12)>=$B$5),"DIF Moderat - cek","Negligible")) -> Negligible | AB12: =IF(ABS(X12)>=$B$4,"Berpotensi Bias - Tinjau Konten",IF(ABS(X12)>=$B$3,"Indikasi Ringan - Pantau","Tidak Ada Indikasi Bias")) -> Tidak Ada Indikasi Bias
A13: =LHC!A7 -> 3. Standar ASME tentang Hook | B13: =LHC!B7 -> 1 | C13: =LHC!C7 -> 1 | D13: =LHC!D7 -> 1 | E13: =LHC!E7 -> 0 | F13: =LHC!F7 -> 1 | G13: =LHC!G7 -> 0 | H13: =LHC!H7 -> 0 | ... K13: =LHC!K7 -> 0 | L13: =COUNTIF($B$8:$K$8,"Laki-Laki") -> 5 | M13: =COUNTIF($B$8:$K$8,"Perempuan") -> 5 | N13: =SUMIF($B$8:$K$8,"Laki-Laki",LHC!B7:K7) -> 2 | O13: =SUMIF($B$8:$K$8,"Perempuan",LHC!B7:K7) -> 2 | P13: =IF(N13=0,0.3,IF(N13=L13,L13-0.3,N13)) -> 2 | Q13: =IF(O13=0,0.3,IF(O13=M13,M13-0.3,O13)) -> 2 | R13: =LN((L13-P13)/P13) -> 0.40546511 | S13: =LN((M13-Q13)/Q13) -> 0.40546511 | T13: =R13-AVERAGE($R$11:$R$110) -> 0.59746168 | U13: =S13-AVERAGE($S$11:$S$110) -> 0.59746168 | V13: =SQRT(1/P13+1/(L13-P13)) -> 0.91287093 | W13: =SQRT(1/Q13+1/(M13-Q13)) -> 0.91287093 | X13: =T13-U13 -> 0 | Y13: =SQRT(V13^2+W13^2) -> 1.2909944 | Z13: =X13/Y13 -> 0 | AA13: =IF(AND(ABS(X13)>=$B$4,ABS(Z13)>=$B$5),"DIF Besar - review",IF(AND(ABS(X13)>=$B$3,ABS(Z13)>=$B$5),"DIF Moderat - cek","Negligible")) -> Negligible | AB13: =IF(ABS(X13)>=$B$4,"Berpotensi Bias - Tinjau Konten",IF(ABS(X13)>=$B$3,"Indikasi Ringan - Pantau","Tidak Ada Indikasi Bias")) -> Tidak Ada Indikasi Bias
A14: =LHC!A8 -> 4. Standar ASME tentang Design of Below-the-Hook Lifting Devices | B14: =LHC!B8 -> 0 | C14: =LHC!C8 -> 0 | D14: =LHC!D8 -> 0 | E14: =LHC!E8 -> 1 | F14: =LHC!F8 -> 0 | G14: =LHC!G8 -> 1 | H14: =LHC!H8 -> 1 | ... K14: =LHC!K8 -> 1 | L14: =COUNTIF($B$8:$K$8,"Laki-Laki") -> 5 | M14: =COUNTIF($B$8:$K$8,"Perempuan") -> 5 | N14: =SUMIF($B$8:$K$8,"Laki-Laki",LHC!B8:K8) -> 3 | O14: =SUMIF($B$8:$K$8,"Perempuan",LHC!B8:K8) -> 3 | P14: =IF(N14=0,0.3,IF(N14=L14,L14-0.3,N14)) -> 3 | Q14: =IF(O14=0,0.3,IF(O14=M14,M14-0.3,O14)) -> 3 | R14: =LN((L14-P14)/P14) -> -0.40546511 | S14: =LN((M14-Q14)/Q14) -> -0.40546511 | T14: =R14-AVERAGE($R$11:$R$110) -> -0.21346854 | U14: =S14-AVERAGE($S$11:$S$110) -> -0.21346854 | V14: =SQRT(1/P14+1/(L14-P14)) -> 0.91287093 | W14: =SQRT(1/Q14+1/(M14-Q14)) -> 0.91287093 | X14: =T14-U14 -> 0 | Y14: =SQRT(V14^2+W14^2) -> 1.2909944 | Z14: =X14/Y14 -> 0 | AA14: =IF(AND(ABS(X14)>=$B$4,ABS(Z14)>=$B$5),"DIF Besar - review",IF(AND(ABS(X14)>=$B$3,ABS(Z14)>=$B$5),"DIF Moderat - cek","Negligible")) -> Negligible | AB14: =IF(ABS(X14)>=$B$4,"Berpotensi Bias - Tinjau Konten",IF(ABS(X14)>=$B$3,"Indikasi Ringan - Pantau","Tidak Ada Indikasi Bias")) -> Tidak Ada Indikasi Bias
A15: =LHC!A9 -> 5. Standar OHSA mengenai Sling yang digunakan bersama lifting equipment adalah | B15: =LHC!B9 -> 1 | C15: =LHC!C9 -> 1 | D15: =LHC!D9 -> 1 | E15: =LHC!E9 -> 0 | F15: =LHC!F9 -> 1 | G15: =LHC!G9 -> 0 | H15: =LHC!H9 -> 1 | ... K15: =LHC!K9 -> 0 | L15: =COUNTIF($B$8:$K$8,"Laki-Laki") -> 5 | M15: =COUNTIF($B$8:$K$8,"Perempuan") -> 5 | N15: =SUMIF($B$8:$K$8,"Laki-Laki",LHC!B9:K9) -> 3 | O15: =SUMIF($B$8:$K$8,"Perempuan",LHC!B9:K9) -> 3 | P15: =IF(N15=0,0.3,IF(N15=L15,L15-0.3,N15)) -> 3 | Q15: =IF(O15=0,0.3,IF(O15=M15,M15-0.3,O15)) -> 3 | R15: =LN((L15-P15)/P15) -> -0.40546511 | S15: =LN((M15-Q15)/Q15) -> -0.40546511 | T15: =R15-AVERAGE($R$11:$R$110) -> -0.21346854 | U15: =S15-AVERAGE($S$11:$S$110) -> -0.21346854 | V15: =SQRT(1/P15+1/(L15-P15)) -> 0.91287093 | W15: =SQRT(1/Q15+1/(M15-Q15)) -> 0.91287093 | X15: =T15-U15 -> 0 | Y15: =SQRT(V15^2+W15^2) -> 1.2909944 | Z15: =X15/Y15 -> 0 | AA15: =IF(AND(ABS(X15)>=$B$4,ABS(Z15)>=$B$5),"DIF Besar - review",IF(AND(ABS(X15)>=$B$3,ABS(Z15)>=$B$5),"DIF Moderat - cek","Negligible")) -> Negligible | AB15: =IF(ABS(X15)>=$B$4,"Berpotensi Bias - Tinjau Konten",IF(ABS(X15)>=$B$3,"Indikasi Ringan - Pantau","Tidak Ada Indikasi Bias")) -> Tidak Ada Indikasi Bias
A16: =LHC!A10 -> 6. Code Practice British Standard tentang Code of Practice For Safe Use Of Cranes | B16: =LHC!B10 -> 0 | C16: =LHC!C10 -> 0 | D16: =LHC!D10 -> 1 | E16: =LHC!E10 -> 0 | F16: =LHC!F10 -> 1 | G16: =LHC!G10 -> 0 | H16: =LHC!H10 -> 0 | ... K16: =LHC!K10 -> 0 | L16: =COUNTIF($B$8:$K$8,"Laki-Laki") -> 5 | M16: =COUNTIF($B$8:$K$8,"Perempuan") -> 5 | N16: =SUMIF($B$8:$K$8,"Laki-Laki",LHC!B10:K10) -> 1 | O16: =SUMIF($B$8:$K$8,"Perempuan",LHC!B10:K10) -> 1 | P16: =IF(N16=0,0.3,IF(N16=L16,L16-0.3,N16)) -> 1 | Q16: =IF(O16=0,0.3,IF(O16=M16,M16-0.3,O16)) -> 1 | R16: =LN((L16-P16)/P16) -> 1.3862944 | S16: =LN((M16-Q16)/Q16) -> 1.3862944 | T16: =R16-AVERAGE($R$11:$R$110) -> 1.5782909 | U16: =S16-AVERAGE($S$11:$S$110) -> 1.5782909 | V16: =SQRT(1/P16+1/(L16-P16)) -> 1.118034 | W16: =SQRT(1/Q16+1/(M16-Q16)) -> 1.118034 | X16: =T16-U16 -> 0 | Y16: =SQRT(V16^2+W16^2) -> 1.5811388 | Z16: =X16/Y16 -> 0 | AA16: =IF(AND(ABS(X16)>=$B$4,ABS(Z16)>=$B$5),"DIF Besar - review",IF(AND(ABS(X16)>=$B$3,ABS(Z16)>=$B$5),"DIF Moderat - cek","Negligible")) -> Negligible | AB16: =IF(ABS(X16)>=$B$4,"Berpotensi Bias - Tinjau Konten",IF(ABS(X16)>=$B$3,"Indikasi Ringan - Pantau","Tidak Ada Indikasi Bias")) -> Tidak Ada Indikasi Bias
A17: =LHC!A11 -> 7. Code Practice British Standard tentang Lifting Sling-Method of Rating | B17: =LHC!B11 -> 1 | C17: =LHC!C11 -> 1 | D17: =LHC!D11 -> 1 | E17: =LHC!E11 -> 0 | F17: =LHC!F11 -> 1 | G17: =LHC!G11 -> 0 | H17: =LHC!H11 -> 0 | ... K17: =LHC!K11 -> 1 | L17: =COUNTIF($B$8:$K$8,"Laki-Laki") -> 5 | M17: =COUNTIF($B$8:$K$8,"Perempuan") -> 5 | N17: =SUMIF($B$8:$K$8,"Laki-Laki",LHC!B11:K11) -> 3 | O17: =SUMIF($B$8:$K$8,"Perempuan",LHC!B11:K11) -> 3 | P17: =IF(N17=0,0.3,IF(N17=L17,L17-0.3,N17)) -> 3 | Q17: =IF(O17=0,0.3,IF(O17=M17,M17-0.3,O17)) -> 3 | R17: =LN((L17-P17)/P17) -> -0.40546511 | S17: =LN((M17-Q17)/Q17) -> -0.40546511 | T17: =R17-AVERAGE($R$11:$R$110) -> -0.21346854 | U17: =S17-AVERAGE($S$11:$S$110) -> -0.21346854 | V17: =SQRT(1/P17+1/(L17-P17)) -> 0.91287093 | W17: =SQRT(1/Q17+1/(M17-Q17)) -> 0.91287093 | X17: =T17-U17 -> 0 | Y17: =SQRT(V17^2+W17^2) -> 1.2909944 | Z17: =X17/Y17 -> 0 | AA17: =IF(AND(ABS(X17)>=$B$4,ABS(Z17)>=$B$5),"DIF Besar - review",IF(AND(ABS(X17)>=$B$3,ABS(Z17)>=$B$5),"DIF Moderat - cek","Negligible")) -> Negligible | AB17: =IF(ABS(X17)>=$B$4,"Berpotensi Bias - Tinjau Konten",IF(ABS(X17)>=$B$3,"Indikasi Ringan - Pantau","Tidak Ada Indikasi Bias")) -> Tidak Ada Indikasi Bias
A18: =LHC!A12 -> 8. Standar Lifting yang dari DNV adalah | B18: =LHC!B12 -> 1 | C18: =LHC!C12 -> 1 | D18: =LHC!D12 -> 1 | E18: =LHC!E12 -> 1 | F18: =LHC!F12 -> 1 | G18: =LHC!G12 -> 1 | H18: =LHC!H12 -> 1 | ... K18: =LHC!K12 -> 0 | L18: =COUNTIF($B$8:$K$8,"Laki-Laki") -> 5 | M18: =COUNTIF($B$8:$K$8,"Perempuan") -> 5 | N18: =SUMIF($B$8:$K$8,"Laki-Laki",LHC!B12:K12) -> 4 | O18: =SUMIF($B$8:$K$8,"Perempuan",LHC!B12:K12) -> 4 | P18: =IF(N18=0,0.3,IF(N18=L18,L18-0.3,N18)) -> 4 | Q18: =IF(O18=0,0.3,IF(O18=M18,M18-0.3,O18)) -> 4 | R18: =LN((L18-P18)/P18) -> -1.3862944 | S18: =LN((M18-Q18)/Q18) -> -1.3862944 | T18: =R18-AVERAGE($R$11:$R$110) -> -1.1942978 | U18: =S18-AVERAGE($S$11:$S$110) -> -1.1942978 | V18: =SQRT(1/P18+1/(L18-P18)) -> 1.118034 | W18: =SQRT(1/Q18+1/(M18-Q18)) -> 1.118034 | X18: =T18-U18 -> 0 | Y18: =SQRT(V18^2+W18^2) -> 1.5811388 | Z18: =X18/Y18 -> 0 | AA18: =IF(AND(ABS(X18)>=$B$4,ABS(Z18)>=$B$5),"DIF Besar - review",IF(AND(ABS(X18)>=$B$3,ABS(Z18)>=$B$5),"DIF Moderat - cek","Negligible")) -> Negligible | AB18: =IF(ABS(X18)>=$B$4,"Berpotensi Bias - Tinjau Konten",IF(ABS(X18)>=$B$3,"Indikasi Ringan - Pantau","Tidak Ada Indikasi Bias")) -> Tidak Ada Indikasi Bias
A19: =LHC!A13 -> 9. Pengangkatan beban di bawah 10 ton masuk pada kategori : | B19: =LHC!B13 -> 1 | C19: =LHC!C13 -> 1 | D19: =LHC!D13 -> 1 | E19: =LHC!E13 -> 0 | F19: =LHC!F13 -> 1 | G19: =LHC!G13 -> 0 | H19: =LHC!H13 -> 0 | ... K19: =LHC!K13 -> 1 | L19: =COUNTIF($B$8:$K$8,"Laki-Laki") -> 5 | M19: =COUNTIF($B$8:$K$8,"Perempuan") -> 5 | N19: =SUMIF($B$8:$K$8,"Laki-Laki",LHC!B13:K13) -> 3 | O19: =SUMIF($B$8:$K$8,"Perempuan",LHC!B13:K13) -> 3 | P19: =IF(N19=0,0.3,IF(N19=L19,L19-0.3,N19)) -> 3 | Q19: =IF(O19=0,0.3,IF(O19=M19,M19-0.3,O19)) -> 3 | R19: =LN((L19-P19)/P19) -> -0.40546511 | S19: =LN((M19-Q19)/Q19) -> -0.40546511 | T19: =R19-AVERAGE($R$11:$R$110) -> -0.21346854 | U19: =S19-AVERAGE($S$11:$S$110) -> -0.21346854 | V19: =SQRT(1/P19+1/(L19-P19)) -> 0.91287093 | W19: =SQRT(1/Q19+1/(M19-Q19)) -> 0.91287093 | X19: =T19-U19 -> 0 | Y19: =SQRT(V19^2+W19^2) -> 1.2909944 | Z19: =X19/Y19 -> 0 | AA19: =IF(AND(ABS(X19)>=$B$4,ABS(Z19)>=$B$5),"DIF Besar - review",IF(AND(ABS(X19)>=$B$3,ABS(Z19)>=$B$5),"DIF Moderat - cek","Negligible")) -> Negligible | AB19: =IF(ABS(X19)>=$B$4,"Berpotensi Bias - Tinjau Konten",IF(ABS(X19)>=$B$3,"Indikasi Ringan - Pantau","Tidak Ada Indikasi Bias")) -> Tidak Ada Indikasi Bias
A20: =LHC!A14 -> 10. Sebuah operasi Lifting, berat payload 25 ton, SWL crane 30 ton, termasuk kategori : | B20: =LHC!B14 -> 1 | C20: =LHC!C14 -> 1 | D20: =LHC!D14 -> 1 | E20: =LHC!E14 -> 0 | F20: =LHC!F14 -> 1 | G20: =LHC!G14 -> 0 | H20: =LHC!H14 -> 0 | ... K20: =LHC!K14 -> 1 | L20: =COUNTIF($B$8:$K$8,"Laki-Laki") -> 5 | M20: =COUNTIF($B$8:$K$8,"Perempuan") -> 5 | N20: =SUMIF($B$8:$K$8,"Laki-Laki",LHC!B14:K14) -> 3 | O20: =SUMIF($B$8:$K$8,"Perempuan",LHC!B14:K14) -> 3 | P20: =IF(N20=0,0.3,IF(N20=L20,L20-0.3,N20)) -> 3 | Q20: =IF(O20=0,0.3,IF(O20=M20,M20-0.3,O20)) -> 3 | R20: =LN((L20-P20)/P20) -> -0.40546511 | S20: =LN((M20-Q20)/Q20) -> -0.40546511 | T20: =R20-AVERAGE($R$11:$R$110) -> -0.21346854 | U20: =S20-AVERAGE($S$11:$S$110) -> -0.21346854 | V20: =SQRT(1/P20+1/(L20-P20)) -> 0.91287093 | W20: =SQRT(1/Q20+1/(M20-Q20)) -> 0.91287093 | X20: =T20-U20 -> 0 | Y20: =SQRT(V20^2+W20^2) -> 1.2909944 | Z20: =X20/Y20 -> 0 | AA20: =IF(AND(ABS(X20)>=$B$4,ABS(Z20)>=$B$5),"DIF Besar - review",IF(AND(ABS(X20)>=$B$3,ABS(Z20)>=$B$5),"DIF Moderat - cek","Negligible")) -> Negligible | AB20: =IF(ABS(X20)>=$B$4,"Berpotensi Bias - Tinjau Konten",IF(ABS(X20)>=$B$3,"Indikasi Ringan - Pantau","Tidak Ada Indikasi Bias")) -> Tidak Ada Indikasi Bias
A21: =LHC!A15 -> 11. Sebuah operasi Lifting, berat payload 25 ton, menggunakan 2 crane, utilization crane 1 65%, crane 2 51%, termasuk kategori : | B21: =LHC!B15 -> 0 | C21: =LHC!C15 -> 0 | D21: =LHC!D15 -> 1 | E21: =LHC!E15 -> 1 | F21: =LHC!F15 -> 1 | G21: =LHC!G15 -> 1 | H21: =LHC!H15 -> 1 | ... K21: =LHC!K15 -> 1 | L21: =COUNTIF($B$8:$K$8,"Laki-Laki") -> 5 | M21: =COUNTIF($B$8:$K$8,"Perempuan") -> 5 | N21: =SUMIF($B$8:$K$8,"Laki-Laki",LHC!B15:K15) -> 4 | O21: =SUMIF($B$8:$K$8,"Perempuan",LHC!B15:K15) -> 4 | P21: =IF(N21=0,0.3,IF(N21=L21,L21-0.3,N21)) -> 4 | Q21: =IF(O21=0,0.3,IF(O21=M21,M21-0.3,O21)) -> 4 | R21: =LN((L21-P21)/P21) -> -1.3862944 | S21: =LN((M21-Q21)/Q21) -> -1.3862944 | T21: =R21-AVERAGE($R$11:$R$110) -> -1.1942978 | U21: =S21-AVERAGE($S$11:$S$110) -> -1.1942978 | V21: =SQRT(1/P21+1/(L21-P21)) -> 1.118034 | W21: =SQRT(1/Q21+1/(M21-Q21)) -> 1.118034 | X21: =T21-U21 -> 0 | Y21: =SQRT(V21^2+W21^2) -> 1.5811388 | Z21: =X21/Y21 -> 0 | AA21: =IF(AND(ABS(X21)>=$B$4,ABS(Z21)>=$B$5),"DIF Besar - review",IF(AND(ABS(X21)>=$B$3,ABS(Z21)>=$B$5),"DIF Moderat - cek","Negligible")) -> Negligible | AB21: =IF(ABS(X21)>=$B$4,"Berpotensi Bias - Tinjau Konten",IF(ABS(X21)>=$B$3,"Indikasi Ringan - Pantau","Tidak Ada Indikasi Bias")) -> Tidak Ada Indikasi Bias
A22: =LHC!A16 -> 12. Sebuah operasi Lifting, berat payload 60 ton, utilization crane 65% termasuk kategori : | B22: =LHC!B16 -> 1 | C22: =LHC!C16 -> 1 | D22: =LHC!D16 -> 1 | E22: =LHC!E16 -> 0 | F22: =LHC!F16 -> 1 | G22: =LHC!G16 -> 0 | H22: =LHC!H16 -> 0 | ... K22: =LHC!K16 -> 0 | L22: =COUNTIF($B$8:$K$8,"Laki-Laki") -> 5 | M22: =COUNTIF($B$8:$K$8,"Perempuan") -> 5 | N22: =SUMIF($B$8:$K$8,"Laki-Laki",LHC!B16:K16) -> 2 | O22: =SUMIF($B$8:$K$8,"Perempuan",LHC!B16:K16) -> 2 | P22: =IF(N22=0,0.3,IF(N22=L22,L22-0.3,N22)) -> 2 | Q22: =IF(O22=0,0.3,IF(O22=M22,M22-0.3,O22)) -> 2 | R22: =LN((L22-P22)/P22) -> 0.40546511 | S22: =LN((M22-Q22)/Q22) -> 0.40546511 | T22: =R22-AVERAGE($R$11:$R$110) -> 0.59746168 | U22: =S22-AVERAGE($S$11:$S$110) -> 0.59746168 | V22: =SQRT(1/P22+1/(L22-P22)) -> 0.91287093 | W22: =SQRT(1/Q22+1/(M22-Q22)) -> 0.91287093 | X22: =T22-U22 -> 0 | Y22: =SQRT(V22^2+W22^2) -> 1.2909944 | Z22: =X22/Y22 -> 0 | AA22: =IF(AND(ABS(X22)>=$B$4,ABS(Z22)>=$B$5),"DIF Besar - review",IF(AND(ABS(X22)>=$B$3,ABS(Z22)>=$B$5),"DIF Moderat - cek","Negligible")) -> Negligible | AB22: =IF(ABS(X22)>=$B$4,"Berpotensi Bias - Tinjau Konten",IF(ABS(X22)>=$B$3,"Indikasi Ringan - Pantau","Tidak Ada Indikasi Bias")) -> Tidak Ada Indikasi Bias
... A110: =LHC!A104 -> 100. Dalam standar DNVGL-ST-N001, bila beban diangkat menggunakan 4 sling, perlu dikalikan dengan SKL factor sebesar 1.25 apa alasannya ? | B110: =LHC!B104 -> 0 | C110: =LHC!C104 -> 0 | D110: =LHC!D104 -> 1 | E110: =LHC!E104 -> 0 | F110: =LHC!F104 -> 1 | G110: =LHC!G104 -> 0 | H110: =LHC!H104 -> 0 | ... K110: =LHC!K104 -> 0 | L110: =COUNTIF($B$8:$K$8,"Laki-Laki") -> 5 | M110: =COUNTIF($B$8:$K$8,"Perempuan") -> 5 | N110: =SUMIF($B$8:$K$8,"Laki-Laki",LHC!B104:K104) -> 1 | O110: =SUMIF($B$8:$K$8,"Perempuan",LHC!B104:K104) -> 1 | P110: =IF(N110=0,0.3,IF(N110=L110,L110-0.3,N110)) -> 1 | Q110: =IF(O110=0,0.3,IF(O110=M110,M110-0.3,O110)) -> 1 | R110: =LN((L110-P110)/P110) -> 1.3862944 | S110: =LN((M110-Q110)/Q110) -> 1.3862944 | T110: =R110-AVERAGE($R$11:$R$110) -> 1.5782909 | U110: =S110-AVERAGE($S$11:$S$110) -> 1.5782909 | V110: =SQRT(1/P110+1/(L110-P110)) -> 1.118034 | W110: =SQRT(1/Q110+1/(M110-Q110)) -> 1.118034 | X110: =T110-U110 -> 0 | Y110: =SQRT(V110^2+W110^2) -> 1.5811388 | Z110: =X110/Y110 -> 0 | AA110: =IF(AND(ABS(X110)>=$B$4,ABS(Z110)>=$B$5),"DIF Besar - review",IF(AND(ABS(X110)>=$B$3,ABS(Z110)>=$B$5),"DIF Moderat - cek","Negligible")) -> Negligible | AB110: =IF(ABS(X110)>=$B$4,"Berpotensi Bias - Tinjau Konten",IF(ABS(X110)>=$B$3,"Indikasi Ringan - Pantau","Tidak Ada Indikasi Bias")) -> Tidak Ada Indikasi Bias
B111: =SUM(B11:B110) -> 81 | C111: =SUM(C11:C110) -> 81 | D111: =SUM(D11:D110) -> 81 | E111: =SUM(E11:E110) -> 51 | F111: =SUM(F11:F110) -> 81 | G111: =SUM(G11:G110) -> 51 | H111: =SUM(H11:H110) -> 29 | I111: =SUM(I11:I110) -> 29 | ... K111: =SUM(K11:K110) -> 30

Sheet DIF-Rasch-LML
A1: UJI RASCH DIF (Pendekatan PROX) — Skema LML
A3: Ambang DIF (logit) - Moderat | B3: 0.5 | N3: Ringkasan Signifikansi Statistik (t-test) | Q3: Ringkasan Kesimpulan Praktis (Kontras)
A4: Ambang DIF (logit) - Besar | B4: 1 | N4: DIF Besar - review | O4: =COUNTIF($AA$11:$AA$110,"DIF Besar - review") -> 0 | Q4: Berpotensi Bias - Tinjau Konten | R4: =COUNTIF($AB$11:$AB$110,"Berpotensi Bias - Tinjau Konten") -> 0
A5: Ambang |t| minimum | B5: 2 | N5: DIF Moderat - cek | O5: =COUNTIF($AA$11:$AA$110,"DIF Moderat - cek") -> 0 | Q5: Indikasi Ringan - Pantau | R5: =COUNTIF($AB$11:$AB$110,"Indikasi Ringan - Pantau") -> 0
A6: Kontras DIF Maksimum (data ini) | B6: =_xlfn.AGGREGATE(14,6,ABS(X11:X110),1) -> 0 | N6: Negligible | O6: =COUNTIF($AA$11:$AA$110,"Negligible") -> 100 | Q6: Tidak Ada Indikasi Bias | R6: =COUNTIF($AB$11:$AB$110,"Tidak Ada Indikasi Bias") -> 100
A8: Jenis Kelamin | B8: =LML!B2 -> Perempuan | C8: =LML!C2 -> Laki-Laki | D8: =LML!D2 -> Perempuan | E8: =LML!E2 -> Perempuan | F8: =LML!F2 -> Laki-Laki | G8: =LML!G2 -> Laki-Laki | H8: =LML!H2 -> Perempuan | I8: =LML!I2 -> Laki-Laki | ... K8: =LML!K2 -> Laki-Laki
A9: Soal | B9: Asesi | L9: N (L) | M9: N (P) | N9: S (L) | O9: S (P) | P9: S adj (L) | Q9: S adj (P) | R9: β mentah (L) | S9: β mentah (P) | T9: β center (L) | U9: β center (P) | V9: SE (L) | W9: SE (P) | X9: Kontras DIF | Y9: SE Gabungan | Z9: t-stat | AA9: Klasifikasi DIF | AB9: Kesimpulan Praktis (Kontras)
B10: 1 | C10: 2 | D10: 3 | E10: 4 | F10: 5 | G10: 6 | H10: 7 | I10: 8 | J10: 9 | K10: 10
A11: =LML!A5 -> 1. Peraturan yang mengatur secara spesifik prosedur lifting dan rigging di Indonesia? | B11: =LML!B5 -> 1 | C11: =LML!C5 -> 1 | D11: =LML!D5 -> 1 | E11: =LML!E5 -> 0 | F11: =LML!F5 -> 1 | G11: =LML!G5 -> 0 | H11: =LML!H5 -> 0 | ... K11: =LML!K5 -> 0 | L11: =COUNTIF($B$8:$K$8,"Laki-Laki") -> 5 | M11: =COUNTIF($B$8:$K$8,"Perempuan") -> 5 | N11: =SUMIF($B$8:$K$8,"Laki-Laki",LML!B5:K5) -> 2 | O11: =SUMIF($B$8:$K$8,"Perempuan",LML!B5:K5) -> 2 | P11: =IF(N11=0,0.3,IF(N11=L11,L11-0.3,N11)) -> 2 | Q11: =IF(O11=0,0.3,IF(O11=M11,M11-0.3,O11)) -> 2 | R11: =LN((L11-P11)/P11) -> 0.40546511 | S11: =LN((M11-Q11)/Q11) -> 0.40546511 | T11: =R11-AVERAGE($R$11:$R$110) -> 0.53127392 | U11: =S11-AVERAGE($S$11:$S$110) -> 0.53127392 | V11: =SQRT(1/P11+1/(L11-P11)) -> 0.91287093 | W11: =SQRT(1/Q11+1/(M11-Q11)) -> 0.91287093 | X11: =T11-U11 -> 0 | Y11: =SQRT(V11^2+W11^2) -> 1.2909944 | Z11: =X11/Y11 -> 0 | AA11: =IF(AND(ABS(X11)>=$B$4,ABS(Z11)>=$B$5),"DIF Besar - review",IF(AND(ABS(X11)>=$B$3,ABS(Z11)>=$B$5),"DIF Moderat - cek","Negligible")) -> Negligible | AB11: =IF(ABS(X11)>=$B$4,"Berpotensi Bias - Tinjau Konten",IF(ABS(X11)>=$B$3,"Indikasi Ringan - Pantau","Tidak Ada Indikasi Bias")) -> Tidak Ada Indikasi Bias
A12: =LML!A6 -> 2. Standar ASME tentang Sling | B12: =LML!B6 -> 1 | C12: =LML!C6 -> 1 | D12: =LML!D6 -> 0 | E12: =LML!E6 -> 1 | F12: =LML!F6 -> 0 | G12: =LML!G6 -> 1 | H12: =LML!H6 -> 0 | ... K12: =LML!K6 -> 0 | L12: =COUNTIF($B$8:$K$8,"Laki-Laki") -> 5 | M12: =COUNTIF($B$8:$K$8,"Perempuan") -> 5 | N12: =SUMIF($B$8:$K$8,"Laki-Laki",LML!B6:K6) -> 2 | O12: =SUMIF($B$8:$K$8,"Perempuan",LML!B6:K6) -> 2 | P12: =IF(N12=0,0.3,IF(N12=L12,L12-0.3,N12)) -> 2 | Q12: =IF(O12=0,0.3,IF(O12=M12,M12-0.3,O12)) -> 2 | R12: =LN((L12-P12)/P12) -> 0.40546511 | S12: =LN((M12-Q12)/Q12) -> 0.40546511 | T12: =R12-AVERAGE($R$11:$R$110) -> 0.53127392 | U12: =S12-AVERAGE($S$11:$S$110) -> 0.53127392 | V12: =SQRT(1/P12+1/(L12-P12)) -> 0.91287093 | W12: =SQRT(1/Q12+1/(M12-Q12)) -> 0.91287093 | X12: =T12-U12 -> 0 | Y12: =SQRT(V12^2+W12^2) -> 1.2909944 | Z12: =X12/Y12 -> 0 | AA12: =IF(AND(ABS(X12)>=$B$4,ABS(Z12)>=$B$5),"DIF Besar - review",IF(AND(ABS(X12)>=$B$3,ABS(Z12)>=$B$5),"DIF Moderat - cek","Negligible")) -> Negligible | AB12: =IF(ABS(X12)>=$B$4,"Berpotensi Bias - Tinjau Konten",IF(ABS(X12)>=$B$3,"Indikasi Ringan - Pantau","Tidak Ada Indikasi Bias")) -> Tidak Ada Indikasi Bias
A13: =LML!A7 -> 3. Standar ASME tentang Hook | B13: =LML!B7 -> 1 | C13: =LML!C7 -> 1 | D13: =LML!D7 -> 0 | E13: =LML!E7 -> 1 | F13: =LML!F7 -> 0 | G13: =LML!G7 -> 1 | H13: =LML!H7 -> 1 | ... K13: =LML!K7 -> 1 | L13: =COUNTIF($B$8:$K$8,"Laki-Laki") -> 5 | M13: =COUNTIF($B$8:$K$8,"Perempuan") -> 5 | N13: =SUMIF($B$8:$K$8,"Laki-Laki",LML!B7:K7) -> 4 | O13: =SUMIF($B$8:$K$8,"Perempuan",LML!B7:K7) -> 4 | P13: =IF(N13=0,0.3,IF(N13=L13,L13-0.3,N13)) -> 4 | Q13: =IF(O13=0,0.3,IF(O13=M13,M13-0.3,O13)) -> 4 | R13: =LN((L13-P13)/P13) -> -1.3862944 | S13: =LN((M13-Q13)/Q13) -> -1.3862944 | T13: =R13-AVERAGE($R$11:$R$110) -> -1.2604855 | U13: =S13-AVERAGE($S$11:$S$110) -> -1.2604855 | V13: =SQRT(1/P13+1/(L13-P13)) -> 1.118034 | W13: =SQRT(1/Q13+1/(M13-Q13)) -> 1.118034 | X13: =T13-U13 -> 0 | Y13: =SQRT(V13^2+W13^2) -> 1.5811388 | Z13: =X13/Y13 -> 0 | AA13: =IF(AND(ABS(X13)>=$B$4,ABS(Z13)>=$B$5),"DIF Besar - review",IF(AND(ABS(X13)>=$B$3,ABS(Z13)>=$B$5),"DIF Moderat - cek","Negligible")) -> Negligible | AB13: =IF(ABS(X13)>=$B$4,"Berpotensi Bias - Tinjau Konten",IF(ABS(X13)>=$B$3,"Indikasi Ringan - Pantau","Tidak Ada Indikasi Bias")) -> Tidak Ada Indikasi Bias
A14: =LML!A8 -> 4. Standar ASME tentang Design of Below-the-Hook Lifting Devices | B14: =LML!B8 -> 1 | C14: =LML!C8 -> 1 | D14: =LML!D8 -> 1 | E14: =LML!E8 -> 1 | F14: =LML!F8 -> 1 | G14: =LML!G8 -> 1 | H14: =LML!H8 -> 0 | ... K14: =LML!K8 -> 1 | L14: =COUNTIF($B$8:$K$8,"Laki-Laki") -> 5 | M14: =COUNTIF($B$8:$K$8,"Perempuan") -> 5 | N14: =SUMIF($B$8:$K$8,"Laki-Laki",LML!B8:K8) -> 4 | O14: =SUMIF($B$8:$K$8,"Perempuan",LML!B8:K8) -> 4 | P14: =IF(N14=0,0.3,IF(N14=L14,L14-0.3,N14)) -> 4 | Q14: =IF(O14=0,0.3,IF(O14=M14,M14-0.3,O14)) -> 4 | R14: =LN((L14-P14)/P14) -> -1.3862944 | S14: =LN((M14-Q14)/Q14) -> -1.3862944 | T14: =R14-AVERAGE($R$11:$R$110) -> -1.2604855 | U14: =S14-AVERAGE($S$11:$S$110) -> -1.2604855 | V14: =SQRT(1/P14+1/(L14-P14)) -> 1.118034 | W14: =SQRT(1/Q14+1/(M14-Q14)) -> 1.118034 | X14: =T14-U14 -> 0 | Y14: =SQRT(V14^2+W14^2) -> 1.5811388 | Z14: =X14/Y14 -> 0 | AA14: =IF(AND(ABS(X14)>=$B$4,ABS(Z14)>=$B$5),"DIF Besar - review",IF(AND(ABS(X14)>=$B$3,ABS(Z14)>=$B$5),"DIF Moderat - cek","Negligible")) -> Negligible | AB14: =IF(ABS(X14)>=$B$4,"Berpotensi Bias - Tinjau Konten",IF(ABS(X14)>=$B$3,"Indikasi Ringan - Pantau","Tidak Ada Indikasi Bias")) -> Tidak Ada Indikasi Bias
A15: =LML!A9 -> 5. Standar OHSA mengenai Sling yang digunakan bersama lifting equipment adalah | B15: =LML!B9 -> 1 | C15: =LML!C9 -> 1 | D15: =LML!D9 -> 1 | E15: =LML!E9 -> 1 | F15: =LML!F9 -> 1 | G15: =LML!G9 -> 1 | H15: =LML!H9 -> 0 | ... K15: =LML!K9 -> 1 | L15: =COUNTIF($B$8:$K$8,"Laki-Laki") -> 5 | M15: =COUNTIF($B$8:$K$8,"Perempuan") -> 5 | N15: =SUMIF($B$8:$K$8,"Laki-Laki",LML!B9:K9) -> 4 | O15: =SUMIF($B$8:$K$8,"Perempuan",LML!B9:K9) -> 4 | P15: =IF(N15=0,0.3,IF(N15=L15,L15-0.3,N15)) -> 4 | Q15: =IF(O15=0,0.3,IF(O15=M15,M15-0.3,O15)) -> 4 | R15: =LN((L15-P15)/P15) -> -1.3862944 | S15: =LN((M15-Q15)/Q15) -> -1.3862944 | T15: =R15-AVERAGE($R$11:$R$110) -> -1.2604855 | U15: =S15-AVERAGE($S$11:$S$110) -> -1.2604855 | V15: =SQRT(1/P15+1/(L15-P15)) -> 1.118034 | W15: =SQRT(1/Q15+1/(M15-Q15)) -> 1.118034 | X15: =T15-U15 -> 0 | Y15: =SQRT(V15^2+W15^2) -> 1.5811388 | Z15: =X15/Y15 -> 0 | AA15: =IF(AND(ABS(X15)>=$B$4,ABS(Z15)>=$B$5),"DIF Besar - review",IF(AND(ABS(X15)>=$B$3,ABS(Z15)>=$B$5),"DIF Moderat - cek","Negligible")) -> Negligible | AB15: =IF(ABS(X15)>=$B$4,"Berpotensi Bias - Tinjau Konten",IF(ABS(X15)>=$B$3,"Indikasi Ringan - Pantau","Tidak Ada Indikasi Bias")) -> Tidak Ada Indikasi Bias
A16: =LML!A10 -> 6. Code Practice British Standard tentang Code of Practice For Safe Use Of Cranes | B16: =LML!B10 -> 1 | C16: =LML!C10 -> 1 | D16: =LML!D10 -> 0 | E16: =LML!E10 -> 0 | F16: =LML!F10 -> 0 | G16: =LML!G10 -> 0 | H16: =LML!H10 -> 0 | ... K16: =LML!K10 -> 0 | L16: =COUNTIF($B$8:$K$8,"Laki-Laki") -> 5 | M16: =COUNTIF($B$8:$K$8,"Perempuan") -> 5 | N16: =SUMIF($B$8:$K$8,"Laki-Laki",LML!B10:K10) -> 1 | O16: =SUMIF($B$8:$K$8,"Perempuan",LML!B10:K10) -> 1 | P16: =IF(N16=0,0.3,IF(N16=L16,L16-0.3,N16)) -> 1 | Q16: =IF(O16=0,0.3,IF(O16=M16,M16-0.3,O16)) -> 1 | R16: =LN((L16-P16)/P16) -> 1.3862944 | S16: =LN((M16-Q16)/Q16) -> 1.3862944 | T16: =R16-AVERAGE($R$11:$R$110) -> 1.5121032 | U16: =S16-AVERAGE($S$11:$S$110) -> 1.5121032 | V16: =SQRT(1/P16+1/(L16-P16)) -> 1.118034 | W16: =SQRT(1/Q16+1/(M16-Q16)) -> 1.118034 | X16: =T16-U16 -> 0 | Y16: =SQRT(V16^2+W16^2) -> 1.5811388 | Z16: =X16/Y16 -> 0 | AA16: =IF(AND(ABS(X16)>=$B$4,ABS(Z16)>=$B$5),"DIF Besar - review",IF(AND(ABS(X16)>=$B$3,ABS(Z16)>=$B$5),"DIF Moderat - cek","Negligible")) -> Negligible | AB16: =IF(ABS(X16)>=$B$4,"Berpotensi Bias - Tinjau Konten",IF(ABS(X16)>=$B$3,"Indikasi Ringan - Pantau","Tidak Ada Indikasi Bias")) -> Tidak Ada Indikasi Bias
A17: =LML!A11 -> 7. Code Practice British Standard tentang Lifting Sling-Method of Rating | B17: =LML!B11 -> 1 | C17: =LML!C11 -> 1 | D17: =LML!D11 -> 1 | E17: =LML!E11 -> 1 | F17: =LML!F11 -> 1 | G17: =LML!G11 -> 1 | H17: =LML!H11 -> 0 | ... K17: =LML!K11 -> 1 | L17: =COUNTIF($B$8:$K$8,"Laki-Laki") -> 5 | M17: =COUNTIF($B$8:$K$8,"Perempuan") -> 5 | N17: =SUMIF($B$8:$K$8,"Laki-Laki",LML!B11:K11) -> 4 | O17: =SUMIF($B$8:$K$8,"Perempuan",LML!B11:K11) -> 4 | P17: =IF(N17=0,0.3,IF(N17=L17,L17-0.3,N17)) -> 4 | Q17: =IF(O17=0,0.3,IF(O17=M17,M17-0.3,O17)) -> 4 | R17: =LN((L17-P17)/P17) -> -1.3862944 | S17: =LN((M17-Q17)/Q17) -> -1.3862944 | T17: =R17-AVERAGE($R$11:$R$110) -> -1.2604855 | U17: =S17-AVERAGE($S$11:$S$110) -> -1.2604855 | V17: =SQRT(1/P17+1/(L17-P17)) -> 1.118034 | W17: =SQRT(1/Q17+1/(M17-Q17)) -> 1.118034 | X17: =T17-U17 -> 0 | Y17: =SQRT(V17^2+W17^2) -> 1.5811388 | Z17: =X17/Y17 -> 0 | AA17: =IF(AND(ABS(X17)>=$B$4,ABS(Z17)>=$B$5),"DIF Besar - review",IF(AND(ABS(X17)>=$B$3,ABS(Z17)>=$B$5),"DIF Moderat - cek","Negligible")) -> Negligible | AB17: =IF(ABS(X17)>=$B$4,"Berpotensi Bias - Tinjau Konten",IF(ABS(X17)>=$B$3,"Indikasi Ringan - Pantau","Tidak Ada Indikasi Bias")) -> Tidak Ada Indikasi Bias
A18: =LML!A12 -> 8. Standar Lifting yang dari DNV adalah | B18: =LML!B12 -> 1 | C18: =LML!C12 -> 1 | D18: =LML!D12 -> 1 | E18: =LML!E12 -> 1 | F18: =LML!F12 -> 1 | G18: =LML!G12 -> 1 | H18: =LML!H12 -> 0 | ... K18: =LML!K12 -> 1 | L18: =COUNTIF($B$8:$K$8,"Laki-Laki") -> 5 | M18: =COUNTIF($B$8:$K$8,"Perempuan") -> 5 | N18: =SUMIF($B$8:$K$8,"Laki-Laki",LML!B12:K12) -> 4 | O18: =SUMIF($B$8:$K$8,"Perempuan",LML!B12:K12) -> 4 | P18: =IF(N18=0,0.3,IF(N18=L18,L18-0.3,N18)) -> 4 | Q18: =IF(O18=0,0.3,IF(O18=M18,M18-0.3,O18)) -> 4 | R18: =LN((L18-P18)/P18) -> -1.3862944 | S18: =LN((M18-Q18)/Q18) -> -1.3862944 | T18: =R18-AVERAGE($R$11:$R$110) -> -1.2604855 | U18: =S18-AVERAGE($S$11:$S$110) -> -1.2604855 | V18: =SQRT(1/P18+1/(L18-P18)) -> 1.118034 | W18: =SQRT(1/Q18+1/(M18-Q18)) -> 1.118034 | X18: =T18-U18 -> 0 | Y18: =SQRT(V18^2+W18^2) -> 1.5811388 | Z18: =X18/Y18 -> 0 | AA18: =IF(AND(ABS(X18)>=$B$4,ABS(Z18)>=$B$5),"DIF Besar - review",IF(AND(ABS(X18)>=$B$3,ABS(Z18)>=$B$5),"DIF Moderat - cek","Negligible")) -> Negligible | AB18: =IF(ABS(X18)>=$B$4,"Berpotensi Bias - Tinjau Konten",IF(ABS(X18)>=$B$3,"Indikasi Ringan - Pantau","Tidak Ada Indikasi Bias")) -> Tidak Ada Indikasi Bias
A19: =LML!A13 -> 9. Pengangkatan beban di bawah 10 ton masuk pada kategori : | B19: =LML!B13 -> 1 | C19: =LML!C13 -> 1 | D19: =LML!D13 -> 1 | E19: =LML!E13 -> 1 | F19: =LML!F13 -> 1 | G19: =LML!G13 -> 1 | H19: =LML!H13 -> 1 | ... K19: =LML!K13 -> 0 | L19: =COUNTIF($B$8:$K$8,"Laki-Laki") -> 5 | M19: =COUNTIF($B$8:$K$8,"Perempuan") -> 5 | N19: =SUMIF($B$8:$K$8,"Laki-Laki",LML!B13:K13) -> 4 | O19: =SUMIF($B$8:$K$8,"Perempuan",LML!B13:K13) -> 4 | P19: =IF(N19=0,0.3,IF(N19=L19,L19-0.3,N19)) -> 4 | Q19: =IF(O19=0,0.3,IF(O19=M19,M19-0.3,O19)) -> 4 | R19: =LN((L19-P19)/P19) -> -1.3862944 | S19: =LN((M19-Q19)/Q19) -> -1.3862944 | T19: =R19-AVERAGE($R$11:$R$110) -> -1.2604855 | U19: =S19-AVERAGE($S$11:$S$110) -> -1.2604855 | V19: =SQRT(1/P19+1/(L19-P19)) -> 1.118034 | W19: =SQRT(1/Q19+1/(M19-Q19)) -> 1.118034 | X19: =T19-U19 -> 0 | Y19: =SQRT(V19^2+W19^2) -> 1.5811388 | Z19: =X19/Y19 -> 0 | AA19: =IF(AND(ABS(X19)>=$B$4,ABS(Z19)>=$B$5),"DIF Besar - review",IF(AND(ABS(X19)>=$B$3,ABS(Z19)>=$B$5),"DIF Moderat - cek","Negligible")) -> Negligible | AB19: =IF(ABS(X19)>=$B$4,"Berpotensi Bias - Tinjau Konten",IF(ABS(X19)>=$B$3,"Indikasi Ringan - Pantau","Tidak Ada Indikasi Bias")) -> Tidak Ada Indikasi Bias
A20: =LML!A14 -> 10. Sebuah operasi Lifting, berat payload 25 ton, SWL crane 30 ton, termasuk kategori : | B20: =LML!B14 -> 1 | C20: =LML!C14 -> 1 | D20: =LML!D14 -> 0 | E20: =LML!E14 -> 0 | F20: =LML!F14 -> 0 | G20: =LML!G14 -> 0 | H20: =LML!H14 -> 0 | ... K20: =LML!K14 -> 0 | L20: =COUNTIF($B$8:$K$8,"Laki-Laki") -> 5 | M20: =COUNTIF($B$8:$K$8,"Perempuan") -> 5 | N20: =SUMIF($B$8:$K$8,"Laki-Laki",LML!B14:K14) -> 1 | O20: =SUMIF($B$8:$K$8,"Perempuan",LML!B14:K14) -> 1 | P20: =IF(N20=0,0.3,IF(N20=L20,L20-0.3,N20)) -> 1 | Q20: =IF(O20=0,0.3,IF(O20=M20,M20-0.3,O20)) -> 1 | R20: =LN((L20-P20)/P20) -> 1.3862944 | S20: =LN((M20-Q20)/Q20) -> 1.3862944 | T20: =R20-AVERAGE($R$11:$R$110) -> 1.5121032 | U20: =S20-AVERAGE($S$11:$S$110) -> 1.5121032 | V20: =SQRT(1/P20+1/(L20-P20)) -> 1.118034 | W20: =SQRT(1/Q20+1/(M20-Q20)) -> 1.118034 | X20: =T20-U20 -> 0 | Y20: =SQRT(V20^2+W20^2) -> 1.5811388 | Z20: =X20/Y20 -> 0 | AA20: =IF(AND(ABS(X20)>=$B$4,ABS(Z20)>=$B$5),"DIF Besar - review",IF(AND(ABS(X20)>=$B$3,ABS(Z20)>=$B$5),"DIF Moderat - cek","Negligible")) -> Negligible | AB20: =IF(ABS(X20)>=$B$4,"Berpotensi Bias - Tinjau Konten",IF(ABS(X20)>=$B$3,"Indikasi Ringan - Pantau","Tidak Ada Indikasi Bias")) -> Tidak Ada Indikasi Bias
A21: =LML!A15 -> 11. Sebuah operasi Lifting, berat payload 25 ton, menggunakan 2 crane, utilization crane 1 65%, crane 2 51%, termasuk kategori : | B21: =LML!B15 -> 0 | C21: =LML!C15 -> 0 | D21: =LML!D15 -> 1 | E21: =LML!E15 -> 0 | F21: =LML!F15 -> 1 | G21: =LML!G15 -> 0 | H21: =LML!H15 -> 0 | ... K21: =LML!K15 -> 0 | L21: =COUNTIF($B$8:$K$8,"Laki-Laki") -> 5 | M21: =COUNTIF($B$8:$K$8,"Perempuan") -> 5 | N21: =SUMIF($B$8:$K$8,"Laki-Laki",LML!B15:K15) -> 1 | O21: =SUMIF($B$8:$K$8,"Perempuan",LML!B15:K15) -> 1 | P21: =IF(N21=0,0.3,IF(N21=L21,L21-0.3,N21)) -> 1 | Q21: =IF(O21=0,0.3,IF(O21=M21,M21-0.3,O21)) -> 1 | R21: =LN((L21-P21)/P21) -> 1.3862944 | S21: =LN((M21-Q21)/Q21) -> 1.3862944 | T21: =R21-AVERAGE($R$11:$R$110) -> 1.5121032 | U21: =S21-AVERAGE($S$11:$S$110) -> 1.5121032 | V21: =SQRT(1/P21+1/(L21-P21)) -> 1.118034 | W21: =SQRT(1/Q21+1/(M21-Q21)) -> 1.118034 | X21: =T21-U21 -> 0 | Y21: =SQRT(V21^2+W21^2) -> 1.5811388 | Z21: =X21/Y21 -> 0 | AA21: =IF(AND(ABS(X21)>=$B$4,ABS(Z21)>=$B$5),"DIF Besar - review",IF(AND(ABS(X21)>=$B$3,ABS(Z21)>=$B$5),"DIF Moderat - cek","Negligible")) -> Negligible | AB21: =IF(ABS(X21)>=$B$4,"Berpotensi Bias - Tinjau Konten",IF(ABS(X21)>=$B$3,"Indikasi Ringan - Pantau","Tidak Ada Indikasi Bias")) -> Tidak Ada Indikasi Bias
A22: =LML!A16 -> 12. Sebuah operasi Lifting, berat payload 60 ton, utilization crane 65% termasuk kategori : | B22: =LML!B16 -> 1 | C22: =LML!C16 -> 1 | D22: =LML!D16 -> 1 | E22: =LML!E16 -> 0 | F22: =LML!F16 -> 1 | G22: =LML!G16 -> 0 | H22: =LML!H16 -> 1 | ... K22: =LML!K16 -> 0 | L22: =COUNTIF($B$8:$K$8,"Laki-Laki") -> 5 | M22: =COUNTIF($B$8:$K$8,"Perempuan") -> 5 | N22: =SUMIF($B$8:$K$8,"Laki-Laki",LML!B16:K16) -> 3 | O22: =SUMIF($B$8:$K$8,"Perempuan",LML!B16:K16) -> 3 | P22: =IF(N22=0,0.3,IF(N22=L22,L22-0.3,N22)) -> 3 | Q22: =IF(O22=0,0.3,IF(O22=M22,M22-0.3,O22)) -> 3 | R22: =LN((L22-P22)/P22) -> -0.40546511 | S22: =LN((M22-Q22)/Q22) -> -0.40546511 | T22: =R22-AVERAGE($R$11:$R$110) -> -0.2796563 | U22: =S22-AVERAGE($S$11:$S$110) -> -0.2796563 | V22: =SQRT(1/P22+1/(L22-P22)) -> 0.91287093 | W22: =SQRT(1/Q22+1/(M22-Q22)) -> 0.91287093 | X22: =T22-U22 -> 0 | Y22: =SQRT(V22^2+W22^2) -> 1.2909944 | Z22: =X22/Y22 -> 0 | AA22: =IF(AND(ABS(X22)>=$B$4,ABS(Z22)>=$B$5),"DIF Besar - review",IF(AND(ABS(X22)>=$B$3,ABS(Z22)>=$B$5),"DIF Moderat - cek","Negligible")) -> Negligible | AB22: =IF(ABS(X22)>=$B$4,"Berpotensi Bias - Tinjau Konten",IF(ABS(X22)>=$B$3,"Indikasi Ringan - Pantau","Tidak Ada Indikasi Bias")) -> Tidak Ada Indikasi Bias
... A110: =LML!A104 -> 100. Dalam standar DNVGL-ST-N001, bila beban diangkat menggunakan 4 sling, perlu dikalikan dengan SKL factor sebesar 1.25 apa alasannya ? | B110: =LML!B104 -> 1 | C110: =LML!C104 -> 1 | D110: =LML!D104 -> 1 | E110: =LML!E104 -> 0 | F110: =LML!F104 -> 1 | G110: =LML!G104 -> 0 | H110: =LML!H104 -> 0 | ... K110: =LML!K104 -> 0 | L110: =COUNTIF($B$8:$K$8,"Laki-Laki") -> 5 | M110: =COUNTIF($B$8:$K$8,"Perempuan") -> 5 | N110: =SUMIF($B$8:$K$8,"Laki-Laki",LML!B104:K104) -> 2 | O110: =SUMIF($B$8:$K$8,"Perempuan",LML!B104:K104) -> 2 | P110: =IF(N110=0,0.3,IF(N110=L110,L110-0.3,N110)) -> 2 | Q110: =IF(O110=0,0.3,IF(O110=M110,M110-0.3,O110)) -> 2 | R110: =LN((L110-P110)/P110) -> 0.40546511 | S110: =LN((M110-Q110)/Q110) -> 0.40546511 | T110: =R110-AVERAGE($R$11:$R$110) -> 0.53127392 | U110: =S110-AVERAGE($S$11:$S$110) -> 0.53127392 | V110: =SQRT(1/P110+1/(L110-P110)) -> 0.91287093 | W110: =SQRT(1/Q110+1/(M110-Q110)) -> 0.91287093 | X110: =T110-U110 -> 0 | Y110: =SQRT(V110^2+W110^2) -> 1.2909944 | Z110: =X110/Y110 -> 0 | AA110: =IF(AND(ABS(X110)>=$B$4,ABS(Z110)>=$B$5),"DIF Besar - review",IF(AND(ABS(X110)>=$B$3,ABS(Z110)>=$B$5),"DIF Moderat - cek","Negligible")) -> Negligible | AB110: =IF(ABS(X110)>=$B$4,"Berpotensi Bias - Tinjau Konten",IF(ABS(X110)>=$B$3,"Indikasi Ringan - Pantau","Tidak Ada Indikasi Bias")) -> Tidak Ada Indikasi Bias
B111: =SUM(B11:B110) -> 89 | C111: =SUM(C11:C110) -> 89 | D111: =SUM(D11:D110) -> 78 | E111: =SUM(E11:E110) -> 55 | F111: =SUM(F11:F110) -> 78 | G111: =SUM(G11:G110) -> 55 | H111: =SUM(H11:H110) -> 18 | I111: =SUM(I11:I110) -> 18 | ... K111: =SUM(K11:K110) -> 23

Sheet DIF-Rasch-CLO
A1: UJI RASCH DIF (Pendekatan PROX) — Skema CLO
A3: Ambang DIF (logit) - Moderat | B3: 0.5 | N3: Ringkasan Signifikansi Statistik (t-test) | Q3: Ringkasan Kesimpulan Praktis (Kontras)
A4: Ambang DIF (logit) - Besar | B4: 1 | N4: DIF Besar - review | O4: =COUNTIF($AA$11:$AA$110,"DIF Besar - review") -> 0 | Q4: Berpotensi Bias - Tinjau Konten | R4: =COUNTIF($AB$11:$AB$110,"Berpotensi Bias - Tinjau Konten") -> 0
A5: Ambang |t| minimum | B5: 2 | N5: DIF Moderat - cek | O5: =COUNTIF($AA$11:$AA$110,"DIF Moderat - cek") -> 0 | Q5: Indikasi Ringan - Pantau | R5: =COUNTIF($AB$11:$AB$110,"Indikasi Ringan - Pantau") -> 0
A6: Kontras DIF Maksimum (data ini) | B6: =_xlfn.AGGREGATE(14,6,ABS(X11:X110),1) -> 0 | N6: Negligible | O6: =COUNTIF($AA$11:$AA$110,"Negligible") -> 100 | Q6: Tidak Ada Indikasi Bias | R6: =COUNTIF($AB$11:$AB$110,"Tidak Ada Indikasi Bias") -> 100
A8: Jenis Kelamin | B8: =CLO!B2 -> Perempuan | C8: =CLO!C2 -> Laki-Laki | D8: =CLO!D2 -> Perempuan | E8: =CLO!E2 -> Perempuan | F8: =CLO!F2 -> Laki-Laki | G8: =CLO!G2 -> Laki-Laki | H8: =CLO!H2 -> Perempuan | I8: =CLO!I2 -> Laki-Laki | ... K8: =CLO!K2 -> Laki-Laki
A9: Soal | B9: Asesi | L9: N (L) | M9: N (P) | N9: S (L) | O9: S (P) | P9: S adj (L) | Q9: S adj (P) | R9: β mentah (L) | S9: β mentah (P) | T9: β center (L) | U9: β center (P) | V9: SE (L) | W9: SE (P) | X9: Kontras DIF | Y9: SE Gabungan | Z9: t-stat | AA9: Klasifikasi DIF | AB9: Kesimpulan Praktis (Kontras)
B10: 1 | C10: 2 | D10: 3 | E10: 4 | F10: 5 | G10: 6 | H10: 7 | I10: 8 | J10: 9 | K10: 10
A11: =CLO!A5 -> Sistem perizinan terintegrasi secara elektronik di Indonesia yang menggunakan pendekatan berbasis risiko disebut dengan …. | B11: =CLO!B5 -> 1 | C11: =CLO!C5 -> 1 | D11: =CLO!D5 -> 0 | E11: =CLO!E5 -> 1 | F11: =CLO!F5 -> 0 | G11: =CLO!G5 -> 1 | H11: =CLO!H5 -> 0 | ... K11: =CLO!K5 -> 0 | L11: =COUNTIF($B$8:$K$8,"Laki-Laki") -> 5 | M11: =COUNTIF($B$8:$K$8,"Perempuan") -> 5 | N11: =SUMIF($B$8:$K$8,"Laki-Laki",CLO!B5:K5) -> 2 | O11: =SUMIF($B$8:$K$8,"Perempuan",CLO!B5:K5) -> 2 | P11: =IF(N11=0,0.3,IF(N11=L11,L11-0.3,N11)) -> 2 | Q11: =IF(O11=0,0.3,IF(O11=M11,M11-0.3,O11)) -> 2 | R11: =LN((L11-P11)/P11) -> 0.40546511 | S11: =LN((M11-Q11)/Q11) -> 0.40546511 | T11: =R11-AVERAGE($R$11:$R$110) -> 0.57653175 | U11: =S11-AVERAGE($S$11:$S$110) -> 0.57653175 | V11: =SQRT(1/P11+1/(L11-P11)) -> 0.91287093 | W11: =SQRT(1/Q11+1/(M11-Q11)) -> 0.91287093 | X11: =T11-U11 -> 0 | Y11: =SQRT(V11^2+W11^2) -> 1.2909944 | Z11: =X11/Y11 -> 0 | AA11: =IF(AND(ABS(X11)>=$B$4,ABS(Z11)>=$B$5),"DIF Besar - review",IF(AND(ABS(X11)>=$B$3,ABS(Z11)>=$B$5),"DIF Moderat - cek","Negligible")) -> Negligible | AB11: =IF(ABS(X11)>=$B$4,"Berpotensi Bias - Tinjau Konten",IF(ABS(X11)>=$B$3,"Indikasi Ringan - Pantau","Tidak Ada Indikasi Bias")) -> Tidak Ada Indikasi Bias
A12: =CLO!A6 -> Saat ini proses perizinan usaha di Indonesia menggunakan satu sistem yaitu Online Single Submission (OSS), yang mana dapat menerbitkan izin usaha. Manakah yang termasuk izin usaha yang diterbitkan oleh OSS RBA …. | B12: =CLO!B6 -> 1 | C12: =CLO!C6 -> 1 | D12: =CLO!D6 -> 1 | E12: =CLO!E6 -> 1 | F12: =CLO!F6 -> 1 | G12: =CLO!G6 -> 1 | H12: =CLO!H6 -> 0 | ... K12: =CLO!K6 -> 0 | L12: =COUNTIF($B$8:$K$8,"Laki-Laki") -> 5 | M12: =COUNTIF($B$8:$K$8,"Perempuan") -> 5 | N12: =SUMIF($B$8:$K$8,"Laki-Laki",CLO!B6:K6) -> 3 | O12: =SUMIF($B$8:$K$8,"Perempuan",CLO!B6:K6) -> 3 | P12: =IF(N12=0,0.3,IF(N12=L12,L12-0.3,N12)) -> 3 | Q12: =IF(O12=0,0.3,IF(O12=M12,M12-0.3,O12)) -> 3 | R12: =LN((L12-P12)/P12) -> -0.40546511 | S12: =LN((M12-Q12)/Q12) -> -0.40546511 | T12: =R12-AVERAGE($R$11:$R$110) -> -0.23439846 | U12: =S12-AVERAGE($S$11:$S$110) -> -0.23439846 | V12: =SQRT(1/P12+1/(L12-P12)) -> 0.91287093 | W12: =SQRT(1/Q12+1/(M12-Q12)) -> 0.91287093 | X12: =T12-U12 -> 0 | Y12: =SQRT(V12^2+W12^2) -> 1.2909944 | Z12: =X12/Y12 -> 0 | AA12: =IF(AND(ABS(X12)>=$B$4,ABS(Z12)>=$B$5),"DIF Besar - review",IF(AND(ABS(X12)>=$B$3,ABS(Z12)>=$B$5),"DIF Moderat - cek","Negligible")) -> Negligible | AB12: =IF(ABS(X12)>=$B$4,"Berpotensi Bias - Tinjau Konten",IF(ABS(X12)>=$B$3,"Indikasi Ringan - Pantau","Tidak Ada Indikasi Bias")) -> Tidak Ada Indikasi Bias
A13: =CLO!A7 -> Apa langkah pertama yang harus dilakukan oleh seorang Corporate Legal Officer dalam mengidentifikasi kebutuhan perizinan perusahaan? | B13: =CLO!B7 -> 1 | C13: =CLO!C7 -> 1 | D13: =CLO!D7 -> 1 | E13: =CLO!E7 -> 1 | F13: =CLO!F7 -> 1 | G13: =CLO!G7 -> 1 | H13: =CLO!H7 -> 1 | ... K13: =CLO!K7 -> 0 | L13: =COUNTIF($B$8:$K$8,"Laki-Laki") -> 5 | M13: =COUNTIF($B$8:$K$8,"Perempuan") -> 5 | N13: =SUMIF($B$8:$K$8,"Laki-Laki",CLO!B7:K7) -> 4 | O13: =SUMIF($B$8:$K$8,"Perempuan",CLO!B7:K7) -> 4 | P13: =IF(N13=0,0.3,IF(N13=L13,L13-0.3,N13)) -> 4 | Q13: =IF(O13=0,0.3,IF(O13=M13,M13-0.3,O13)) -> 4 | R13: =LN((L13-P13)/P13) -> -1.3862944 | S13: =LN((M13-Q13)/Q13) -> -1.3862944 | T13: =R13-AVERAGE($R$11:$R$110) -> -1.2152277 | U13: =S13-AVERAGE($S$11:$S$110) -> -1.2152277 | V13: =SQRT(1/P13+1/(L13-P13)) -> 1.118034 | W13: =SQRT(1/Q13+1/(M13-Q13)) -> 1.118034 | X13: =T13-U13 -> 0 | Y13: =SQRT(V13^2+W13^2) -> 1.5811388 | Z13: =X13/Y13 -> 0 | AA13: =IF(AND(ABS(X13)>=$B$4,ABS(Z13)>=$B$5),"DIF Besar - review",IF(AND(ABS(X13)>=$B$3,ABS(Z13)>=$B$5),"DIF Moderat - cek","Negligible")) -> Negligible | AB13: =IF(ABS(X13)>=$B$4,"Berpotensi Bias - Tinjau Konten",IF(ABS(X13)>=$B$3,"Indikasi Ringan - Pantau","Tidak Ada Indikasi Bias")) -> Tidak Ada Indikasi Bias
A14: =CLO!A8 -> Dalam memetakan kewajiban perizinan, mengapa pemilihan kode KBLI (Klasifikasi Baku Lapangan Usaha Indonesia) harus dilakukan secara tepat? | B14: =CLO!B8 -> 1 | C14: =CLO!C8 -> 1 | D14: =CLO!D8 -> 1 | E14: =CLO!E8 -> 1 | F14: =CLO!F8 -> 1 | G14: =CLO!G8 -> 1 | H14: =CLO!H8 -> 0 | ... K14: =CLO!K8 -> 1 | L14: =COUNTIF($B$8:$K$8,"Laki-Laki") -> 5 | M14: =COUNTIF($B$8:$K$8,"Perempuan") -> 5 | N14: =SUMIF($B$8:$K$8,"Laki-Laki",CLO!B8:K8) -> 4 | O14: =SUMIF($B$8:$K$8,"Perempuan",CLO!B8:K8) -> 4 | P14: =IF(N14=0,0.3,IF(N14=L14,L14-0.3,N14)) -> 4 | Q14: =IF(O14=0,0.3,IF(O14=M14,M14-0.3,O14)) -> 4 | R14: =LN((L14-P14)/P14) -> -1.3862944 | S14: =LN((M14-Q14)/Q14) -> -1.3862944 | T14: =R14-AVERAGE($R$11:$R$110) -> -1.2152277 | U14: =S14-AVERAGE($S$11:$S$110) -> -1.2152277 | V14: =SQRT(1/P14+1/(L14-P14)) -> 1.118034 | W14: =SQRT(1/Q14+1/(M14-Q14)) -> 1.118034 | X14: =T14-U14 -> 0 | Y14: =SQRT(V14^2+W14^2) -> 1.5811388 | Z14: =X14/Y14 -> 0 | AA14: =IF(AND(ABS(X14)>=$B$4,ABS(Z14)>=$B$5),"DIF Besar - review",IF(AND(ABS(X14)>=$B$3,ABS(Z14)>=$B$5),"DIF Moderat - cek","Negligible")) -> Negligible | AB14: =IF(ABS(X14)>=$B$4,"Berpotensi Bias - Tinjau Konten",IF(ABS(X14)>=$B$3,"Indikasi Ringan - Pantau","Tidak Ada Indikasi Bias")) -> Tidak Ada Indikasi Bias
A15: =CLO!A9 -> Sebelum berlakunya UU Cipta Kerja, minimal modal pendirian PT adalah 50jt. Namun, setelah berlakunya UU Cipta Kerja, pendirian PT memiliki ketentuan modal tersendiri. Berapa modal yang perlu ditempatkan untuk mendirikan PT? | B15: =CLO!B9 -> 0 | C15: =CLO!C9 -> 0 | D15: =CLO!D9 -> 1 | E15: =CLO!E9 -> 0 | F15: =CLO!F9 -> 1 | G15: =CLO!G9 -> 0 | H15: =CLO!H9 -> 0 | ... K15: =CLO!K9 -> 0 | L15: =COUNTIF($B$8:$K$8,"Laki-Laki") -> 5 | M15: =COUNTIF($B$8:$K$8,"Perempuan") -> 5 | N15: =SUMIF($B$8:$K$8,"Laki-Laki",CLO!B9:K9) -> 1 | O15: =SUMIF($B$8:$K$8,"Perempuan",CLO!B9:K9) -> 1 | P15: =IF(N15=0,0.3,IF(N15=L15,L15-0.3,N15)) -> 1 | Q15: =IF(O15=0,0.3,IF(O15=M15,M15-0.3,O15)) -> 1 | R15: =LN((L15-P15)/P15) -> 1.3862944 | S15: =LN((M15-Q15)/Q15) -> 1.3862944 | T15: =R15-AVERAGE($R$11:$R$110) -> 1.557361 | U15: =S15-AVERAGE($S$11:$S$110) -> 1.557361 | V15: =SQRT(1/P15+1/(L15-P15)) -> 1.118034 | W15: =SQRT(1/Q15+1/(M15-Q15)) -> 1.118034 | X15: =T15-U15 -> 0 | Y15: =SQRT(V15^2+W15^2) -> 1.5811388 | Z15: =X15/Y15 -> 0 | AA15: =IF(AND(ABS(X15)>=$B$4,ABS(Z15)>=$B$5),"DIF Besar - review",IF(AND(ABS(X15)>=$B$3,ABS(Z15)>=$B$5),"DIF Moderat - cek","Negligible")) -> Negligible | AB15: =IF(ABS(X15)>=$B$4,"Berpotensi Bias - Tinjau Konten",IF(ABS(X15)>=$B$3,"Indikasi Ringan - Pantau","Tidak Ada Indikasi Bias")) -> Tidak Ada Indikasi Bias
A16: =CLO!A10 -> Dalam menjalankan usaha, Pelaku Usaha atau Perusahaan wajib mencantumkan KBLI yang akan dijalankan usaha atau perusahaan dalam akta pendirian, siapakah yang berhak mendaftarkan KBLI? | B16: =CLO!B10 -> 0 | C16: =CLO!C10 -> 0 | D16: =CLO!D10 -> 0 | E16: =CLO!E10 -> 1 | F16: =CLO!F10 -> 0 | G16: =CLO!G10 -> 1 | H16: =CLO!H10 -> 0 | ... K16: =CLO!K10 -> 1 | L16: =COUNTIF($B$8:$K$8,"Laki-Laki") -> 5 | M16: =COUNTIF($B$8:$K$8,"Perempuan") -> 5 | N16: =SUMIF($B$8:$K$8,"Laki-Laki",CLO!B10:K10) -> 2 | O16: =SUMIF($B$8:$K$8,"Perempuan",CLO!B10:K10) -> 2 | P16: =IF(N16=0,0.3,IF(N16=L16,L16-0.3,N16)) -> 2 | Q16: =IF(O16=0,0.3,IF(O16=M16,M16-0.3,O16)) -> 2 | R16: =LN((L16-P16)/P16) -> 0.40546511 | S16: =LN((M16-Q16)/Q16) -> 0.40546511 | T16: =R16-AVERAGE($R$11:$R$110) -> 0.57653175 | U16: =S16-AVERAGE($S$11:$S$110) -> 0.57653175 | V16: =SQRT(1/P16+1/(L16-P16)) -> 0.91287093 | W16: =SQRT(1/Q16+1/(M16-Q16)) -> 0.91287093 | X16: =T16-U16 -> 0 | Y16: =SQRT(V16^2+W16^2) -> 1.2909944 | Z16: =X16/Y16 -> 0 | AA16: =IF(AND(ABS(X16)>=$B$4,ABS(Z16)>=$B$5),"DIF Besar - review",IF(AND(ABS(X16)>=$B$3,ABS(Z16)>=$B$5),"DIF Moderat - cek","Negligible")) -> Negligible | AB16: =IF(ABS(X16)>=$B$4,"Berpotensi Bias - Tinjau Konten",IF(ABS(X16)>=$B$3,"Indikasi Ringan - Pantau","Tidak Ada Indikasi Bias")) -> Tidak Ada Indikasi Bias
A17: =CLO!A11 -> Sejak berlakunya Peraturan Pemerintah Nomor 28 Tahun 2025, apa saja yang termasuk dalam persyaratan dasar pada sistem OSS, kecuali …. | B17: =CLO!B11 -> 1 | C17: =CLO!C11 -> 1 | D17: =CLO!D11 -> 0 | E17: =CLO!E11 -> 0 | F17: =CLO!F11 -> 0 | G17: =CLO!G11 -> 0 | H17: =CLO!H11 -> 0 | ... K17: =CLO!K11 -> 0 | L17: =COUNTIF($B$8:$K$8,"Laki-Laki") -> 5 | M17: =COUNTIF($B$8:$K$8,"Perempuan") -> 5 | N17: =SUMIF($B$8:$K$8,"Laki-Laki",CLO!B11:K11) -> 1 | O17: =SUMIF($B$8:$K$8,"Perempuan",CLO!B11:K11) -> 1 | P17: =IF(N17=0,0.3,IF(N17=L17,L17-0.3,N17)) -> 1 | Q17: =IF(O17=0,0.3,IF(O17=M17,M17-0.3,O17)) -> 1 | R17: =LN((L17-P17)/P17) -> 1.3862944 | S17: =LN((M17-Q17)/Q17) -> 1.3862944 | T17: =R17-AVERAGE($R$11:$R$110) -> 1.557361 | U17: =S17-AVERAGE($S$11:$S$110) -> 1.557361 | V17: =SQRT(1/P17+1/(L17-P17)) -> 1.118034 | W17: =SQRT(1/Q17+1/(M17-Q17)) -> 1.118034 | X17: =T17-U17 -> 0 | Y17: =SQRT(V17^2+W17^2) -> 1.5811388 | Z17: =X17/Y17 -> 0 | AA17: =IF(AND(ABS(X17)>=$B$4,ABS(Z17)>=$B$5),"DIF Besar - review",IF(AND(ABS(X17)>=$B$3,ABS(Z17)>=$B$5),"DIF Moderat - cek","Negligible")) -> Negligible | AB17: =IF(ABS(X17)>=$B$4,"Berpotensi Bias - Tinjau Konten",IF(ABS(X17)>=$B$3,"Indikasi Ringan - Pantau","Tidak Ada Indikasi Bias")) -> Tidak Ada Indikasi Bias
A18: =CLO!A12 -> Dalam penerbitan izin usaha, sistem OSS akan mendeteksi kesesuaian tata ruang dengan penerbitan Persetujuan Kesesuaian Kegiatan Penyesuaian Tata Ruang (PKKPR). Apa yang menjadi dasar OSS untuk menerbitkan PKKPR? | B18: =CLO!B12 -> 1 | C18: =CLO!C12 -> 1 | D18: =CLO!D12 -> 1 | E18: =CLO!E12 -> 1 | F18: =CLO!F12 -> 1 | G18: =CLO!G12 -> 1 | H18: =CLO!H12 -> 0 | ... K18: =CLO!K12 -> 1 | L18: =COUNTIF($B$8:$K$8,"Laki-Laki") -> 5 | M18: =COUNTIF($B$8:$K$8,"Perempuan") -> 5 | N18: =SUMIF($B$8:$K$8,"Laki-Laki",CLO!B12:K12) -> 4 | O18: =SUMIF($B$8:$K$8,"Perempuan",CLO!B12:K12) -> 4 | P18: =IF(N18=0,0.3,IF(N18=L18,L18-0.3,N18)) -> 4 | Q18: =IF(O18=0,0.3,IF(O18=M18,M18-0.3,O18)) -> 4 | R18: =LN((L18-P18)/P18) -> -1.3862944 | S18: =LN((M18-Q18)/Q18) -> -1.3862944 | T18: =R18-AVERAGE($R$11:$R$110) -> -1.2152277 | U18: =S18-AVERAGE($S$11:$S$110) -> -1.2152277 | V18: =SQRT(1/P18+1/(L18-P18)) -> 1.118034 | W18: =SQRT(1/Q18+1/(M18-Q18)) -> 1.118034 | X18: =T18-U18 -> 0 | Y18: =SQRT(V18^2+W18^2) -> 1.5811388 | Z18: =X18/Y18 -> 0 | AA18: =IF(AND(ABS(X18)>=$B$4,ABS(Z18)>=$B$5),"DIF Besar - review",IF(AND(ABS(X18)>=$B$3,ABS(Z18)>=$B$5),"DIF Moderat - cek","Negligible")) -> Negligible | AB18: =IF(ABS(X18)>=$B$4,"Berpotensi Bias - Tinjau Konten",IF(ABS(X18)>=$B$3,"Indikasi Ringan - Pantau","Tidak Ada Indikasi Bias")) -> Tidak Ada Indikasi Bias
A19: =CLO!A13 -> Dengan mengedepankan risiko, berapa risiko yang ditetapkan oleh OSS RBA? | B19: =CLO!B13 -> 1 | C19: =CLO!C13 -> 1 | D19: =CLO!D13 -> 1 | E19: =CLO!E13 -> 0 | F19: =CLO!F13 -> 1 | G19: =CLO!G13 -> 0 | H19: =CLO!H13 -> 1 | ... K19: =CLO!K13 -> 0 | L19: =COUNTIF($B$8:$K$8,"Laki-Laki") -> 5 | M19: =COUNTIF($B$8:$K$8,"Perempuan") -> 5 | N19: =SUMIF($B$8:$K$8,"Laki-Laki",CLO!B13:K13) -> 3 | O19: =SUMIF($B$8:$K$8,"Perempuan",CLO!B13:K13) -> 3 | P19: =IF(N19=0,0.3,IF(N19=L19,L19-0.3,N19)) -> 3 | Q19: =IF(O19=0,0.3,IF(O19=M19,M19-0.3,O19)) -> 3 | R19: =LN((L19-P19)/P19) -> -0.40546511 | S19: =LN((M19-Q19)/Q19) -> -0.40546511 | T19: =R19-AVERAGE($R$11:$R$110) -> -0.23439846 | U19: =S19-AVERAGE($S$11:$S$110) -> -0.23439846 | V19: =SQRT(1/P19+1/(L19-P19)) -> 0.91287093 | W19: =SQRT(1/Q19+1/(M19-Q19)) -> 0.91287093 | X19: =T19-U19 -> 0 | Y19: =SQRT(V19^2+W19^2) -> 1.2909944 | Z19: =X19/Y19 -> 0 | AA19: =IF(AND(ABS(X19)>=$B$4,ABS(Z19)>=$B$5),"DIF Besar - review",IF(AND(ABS(X19)>=$B$3,ABS(Z19)>=$B$5),"DIF Moderat - cek","Negligible")) -> Negligible | AB19: =IF(ABS(X19)>=$B$4,"Berpotensi Bias - Tinjau Konten",IF(ABS(X19)>=$B$3,"Indikasi Ringan - Pantau","Tidak Ada Indikasi Bias")) -> Tidak Ada Indikasi Bias
A20: =CLO!A14 -> Apakah jenis risiko pada sistem OSS akan berpengaruh pada dokumen izin yang diterbitkan? | B20: =CLO!B14 -> 1 | C20: =CLO!C14 -> 1 | D20: =CLO!D14 -> 1 | E20: =CLO!E14 -> 1 | F20: =CLO!F14 -> 1 | G20: =CLO!G14 -> 1 | H20: =CLO!H14 -> 0 | ... K20: =CLO!K14 -> 1 | L20: =COUNTIF($B$8:$K$8,"Laki-Laki") -> 5 | M20: =COUNTIF($B$8:$K$8,"Perempuan") -> 5 | N20: =SUMIF($B$8:$K$8,"Laki-Laki",CLO!B14:K14) -> 4 | O20: =SUMIF($B$8:$K$8,"Perempuan",CLO!B14:K14) -> 4 | P20: =IF(N20=0,0.3,IF(N20=L20,L20-0.3,N20)) -> 4 | Q20: =IF(O20=0,0.3,IF(O20=M20,M20-0.3,O20)) -> 4 | R20: =LN((L20-P20)/P20) -> -1.3862944 | S20: =LN((M20-Q20)/Q20) -> -1.3862944 | T20: =R20-AVERAGE($R$11:$R$110) -> -1.2152277 | U20: =S20-AVERAGE($S$11:$S$110) -> -1.2152277 | V20: =SQRT(1/P20+1/(L20-P20)) -> 1.118034 | W20: =SQRT(1/Q20+1/(M20-Q20)) -> 1.118034 | X20: =T20-U20 -> 0 | Y20: =SQRT(V20^2+W20^2) -> 1.5811388 | Z20: =X20/Y20 -> 0 | AA20: =IF(AND(ABS(X20)>=$B$4,ABS(Z20)>=$B$5),"DIF Besar - review",IF(AND(ABS(X20)>=$B$3,ABS(Z20)>=$B$5),"DIF Moderat - cek","Negligible")) -> Negligible | AB20: =IF(ABS(X20)>=$B$4,"Berpotensi Bias - Tinjau Konten",IF(ABS(X20)>=$B$3,"Indikasi Ringan - Pantau","Tidak Ada Indikasi Bias")) -> Tidak Ada Indikasi Bias
A21: =CLO!A15 -> Terhadap perubahan atau penambahan KBLI pada NIB perusahaan, apakah penambahan KBLI dapat dilakukan kapan saja? | B21: =CLO!B15 -> 1 | C21: =CLO!C15 -> 1 | D21: =CLO!D15 -> 0 | E21: =CLO!E15 -> 0 | F21: =CLO!F15 -> 0 | G21: =CLO!G15 -> 0 | H21: =CLO!H15 -> 0 | ... K21: =CLO!K15 -> 0 | L21: =COUNTIF($B$8:$K$8,"Laki-Laki") -> 5 | M21: =COUNTIF($B$8:$K$8,"Perempuan") -> 5 | N21: =SUMIF($B$8:$K$8,"Laki-Laki",CLO!B15:K15) -> 1 | O21: =SUMIF($B$8:$K$8,"Perempuan",CLO!B15:K15) -> 1 | P21: =IF(N21=0,0.3,IF(N21=L21,L21-0.3,N21)) -> 1 | Q21: =IF(O21=0,0.3,IF(O21=M21,M21-0.3,O21)) -> 1 | R21: =LN((L21-P21)/P21) -> 1.3862944 | S21: =LN((M21-Q21)/Q21) -> 1.3862944 | T21: =R21-AVERAGE($R$11:$R$110) -> 1.557361 | U21: =S21-AVERAGE($S$11:$S$110) -> 1.557361 | V21: =SQRT(1/P21+1/(L21-P21)) -> 1.118034 | W21: =SQRT(1/Q21+1/(M21-Q21)) -> 1.118034 | X21: =T21-U21 -> 0 | Y21: =SQRT(V21^2+W21^2) -> 1.5811388 | Z21: =X21/Y21 -> 0 | AA21: =IF(AND(ABS(X21)>=$B$4,ABS(Z21)>=$B$5),"DIF Besar - review",IF(AND(ABS(X21)>=$B$3,ABS(Z21)>=$B$5),"DIF Moderat - cek","Negligible")) -> Negligible | AB21: =IF(ABS(X21)>=$B$4,"Berpotensi Bias - Tinjau Konten",IF(ABS(X21)>=$B$3,"Indikasi Ringan - Pantau","Tidak Ada Indikasi Bias")) -> Tidak Ada Indikasi Bias
A22: =CLO!A16 -> Dokumen Legalitas apa yang wajib dimiliki oleh dan hanya perusahaan manufaktur dalam melaksanakan kegiatan operasionalnya? | B22: =CLO!B16 -> 1 | C22: =CLO!C16 -> 1 | D22: =CLO!D16 -> 1 | E22: =CLO!E16 -> 0 | F22: =CLO!F16 -> 1 | G22: =CLO!G16 -> 0 | H22: =CLO!H16 -> 1 | ... K22: =CLO!K16 -> 0 | L22: =COUNTIF($B$8:$K$8,"Laki-Laki") -> 5 | M22: =COUNTIF($B$8:$K$8,"Perempuan") -> 5 | N22: =SUMIF($B$8:$K$8,"Laki-Laki",CLO!B16:K16) -> 3 | O22: =SUMIF($B$8:$K$8,"Perempuan",CLO!B16:K16) -> 3 | P22: =IF(N22=0,0.3,IF(N22=L22,L22-0.3,N22)) -> 3 | Q22: =IF(O22=0,0.3,IF(O22=M22,M22-0.3,O22)) -> 3 | R22: =LN((L22-P22)/P22) -> -0.40546511 | S22: =LN((M22-Q22)/Q22) -> -0.40546511 | T22: =R22-AVERAGE($R$11:$R$110) -> -0.23439846 | U22: =S22-AVERAGE($S$11:$S$110) -> -0.23439846 | V22: =SQRT(1/P22+1/(L22-P22)) -> 0.91287093 | W22: =SQRT(1/Q22+1/(M22-Q22)) -> 0.91287093 | X22: =T22-U22 -> 0 | Y22: =SQRT(V22^2+W22^2) -> 1.2909944 | Z22: =X22/Y22 -> 0 | AA22: =IF(AND(ABS(X22)>=$B$4,ABS(Z22)>=$B$5),"DIF Besar - review",IF(AND(ABS(X22)>=$B$3,ABS(Z22)>=$B$5),"DIF Moderat - cek","Negligible")) -> Negligible | AB22: =IF(ABS(X22)>=$B$4,"Berpotensi Bias - Tinjau Konten",IF(ABS(X22)>=$B$3,"Indikasi Ringan - Pantau","Tidak Ada Indikasi Bias")) -> Tidak Ada Indikasi Bias
... A110: =CLO!A104 -> Perusahaan belum memiliki standar operasional prosedur (SOP) pengarsipan dokumen hukum, sehingga setiap unit menyimpan dokumen dengan cara masing-masing. Apa risiko jangka panjang yang paling krusial dari kondisi ini? | B110: =CLO!B104 -> 0 | C110: =CLO!C104 -> 0 | D110: =CLO!D104 -> 0 | E110: =CLO!E104 -> 0 | F110: =CLO!F104 -> 0 | G110: =CLO!G104 -> 0 | H110: =CLO!H104 -> 1 | ... K110: =CLO!K104 -> 1 | L110: =COUNTIF($B$8:$K$8,"Laki-Laki") -> 5 | M110: =COUNTIF($B$8:$K$8,"Perempuan") -> 5 | N110: =SUMIF($B$8:$K$8,"Laki-Laki",CLO!B104:K104) -> 2 | O110: =SUMIF($B$8:$K$8,"Perempuan",CLO!B104:K104) -> 2 | P110: =IF(N110=0,0.3,IF(N110=L110,L110-0.3,N110)) -> 2 | Q110: =IF(O110=0,0.3,IF(O110=M110,M110-0.3,O110)) -> 2 | R110: =LN((L110-P110)/P110) -> 0.40546511 | S110: =LN((M110-Q110)/Q110) -> 0.40546511 | T110: =R110-AVERAGE($R$11:$R$110) -> 0.57653175 | U110: =S110-AVERAGE($S$11:$S$110) -> 0.57653175 | V110: =SQRT(1/P110+1/(L110-P110)) -> 0.91287093 | W110: =SQRT(1/Q110+1/(M110-Q110)) -> 0.91287093 | X110: =T110-U110 -> 0 | Y110: =SQRT(V110^2+W110^2) -> 1.2909944 | Z110: =X110/Y110 -> 0 | AA110: =IF(AND(ABS(X110)>=$B$4,ABS(Z110)>=$B$5),"DIF Besar - review",IF(AND(ABS(X110)>=$B$3,ABS(Z110)>=$B$5),"DIF Moderat - cek","Negligible")) -> Negligible | AB110: =IF(ABS(X110)>=$B$4,"Berpotensi Bias - Tinjau Konten",IF(ABS(X110)>=$B$3,"Indikasi Ringan - Pantau","Tidak Ada Indikasi Bias")) -> Tidak Ada Indikasi Bias
B111: =SUM(B11:B110) -> 80 | C111: =SUM(C11:C110) -> 80 | D111: =SUM(D11:D110) -> 81 | E111: =SUM(E11:E110) -> 59 | F111: =SUM(F11:F110) -> 81 | G111: =SUM(G11:G110) -> 59 | H111: =SUM(H11:H110) -> 25 | I111: =SUM(I11:I110) -> 25 | ... K111: =SUM(K11:K110) -> 24

Sheet DIF-Rasch-EMS
A1: UJI RASCH DIF (Pendekatan PROX) — Skema EMS
A3: Ambang DIF (logit) - Moderat | B3: 0.5 | N3: Ringkasan Signifikansi Statistik (t-test) | Q3: Ringkasan Kesimpulan Praktis (Kontras)
A4: Ambang DIF (logit) - Besar | B4: 1 | N4: DIF Besar - review | O4: =COUNTIF($AA$11:$AA$110,"DIF Besar - review") -> 0 | Q4: Berpotensi Bias - Tinjau Konten | R4: =COUNTIF($AB$11:$AB$110,"Berpotensi Bias - Tinjau Konten") -> 0
A5: Ambang |t| minimum | B5: 2 | N5: DIF Moderat - cek | O5: =COUNTIF($AA$11:$AA$110,"DIF Moderat - cek") -> 0 | Q5: Indikasi Ringan - Pantau | R5: =COUNTIF($AB$11:$AB$110,"Indikasi Ringan - Pantau") -> 0
A6: Kontras DIF Maksimum (data ini) | B6: =_xlfn.AGGREGATE(14,6,ABS(X11:X110),1) -> 0 | N6: Negligible | O6: =COUNTIF($AA$11:$AA$110,"Negligible") -> 100 | Q6: Tidak Ada Indikasi Bias | R6: =COUNTIF($AB$11:$AB$110,"Tidak Ada Indikasi Bias") -> 100
A8: Jenis Kelamin | B8: =EMS!B2 -> Perempuan | C8: =EMS!C2 -> Laki-Laki | D8: =EMS!D2 -> Perempuan | E8: =EMS!E2 -> Perempuan | F8: =EMS!F2 -> Laki-Laki | G8: =EMS!G2 -> Laki-Laki | H8: =EMS!H2 -> Perempuan | I8: =EMS!I2 -> Laki-Laki | ... K8: =EMS!K2 -> Laki-Laki
A9: Soal | B9: Asesi | L9: N (L) | M9: N (P) | N9: S (L) | O9: S (P) | P9: S adj (L) | Q9: S adj (P) | R9: β mentah (L) | S9: β mentah (P) | T9: β center (L) | U9: β center (P) | V9: SE (L) | W9: SE (P) | X9: Kontras DIF | Y9: SE Gabungan | Z9: t-stat | AA9: Klasifikasi DIF | AB9: Kesimpulan Praktis (Kontras)
B10: 1 | C10: 2 | D10: 3 | E10: 4 | F10: 5 | G10: 6 | H10: 7 | I10: 8 | J10: 9 | K10: 10
A11: =EMS!A5 -> 1. Apa yang dimaksud dengan konteks organisasi dalam ISO 14001? | B11: =EMS!B5 -> 0 | C11: =EMS!C5 -> 0 | D11: =EMS!D5 -> 1 | E11: =EMS!E5 -> 1 | F11: =EMS!F5 -> 1 | G11: =EMS!G5 -> 1 | H11: =EMS!H5 -> 0 | ... K11: =EMS!K5 -> 0 | L11: =COUNTIF($B$8:$K$8,"Laki-Laki") -> 5 | M11: =COUNTIF($B$8:$K$8,"Perempuan") -> 5 | N11: =SUMIF($B$8:$K$8,"Laki-Laki",EMS!B5:K5) -> 2 | O11: =SUMIF($B$8:$K$8,"Perempuan",EMS!B5:K5) -> 2 | P11: =IF(N11=0,0.3,IF(N11=L11,L11-0.3,N11)) -> 2 | Q11: =IF(O11=0,0.3,IF(O11=M11,M11-0.3,O11)) -> 2 | R11: =LN((L11-P11)/P11) -> 0.40546511 | S11: =LN((M11-Q11)/Q11) -> 0.40546511 | T11: =R11-AVERAGE($R$11:$R$110) -> 0.46091688 | U11: =S11-AVERAGE($S$11:$S$110) -> 0.46091688 | V11: =SQRT(1/P11+1/(L11-P11)) -> 0.91287093 | W11: =SQRT(1/Q11+1/(M11-Q11)) -> 0.91287093 | X11: =T11-U11 -> 0 | Y11: =SQRT(V11^2+W11^2) -> 1.2909944 | Z11: =X11/Y11 -> 0 | AA11: =IF(AND(ABS(X11)>=$B$4,ABS(Z11)>=$B$5),"DIF Besar - review",IF(AND(ABS(X11)>=$B$3,ABS(Z11)>=$B$5),"DIF Moderat - cek","Negligible")) -> Negligible | AB11: =IF(ABS(X11)>=$B$4,"Berpotensi Bias - Tinjau Konten",IF(ABS(X11)>=$B$3,"Indikasi Ringan - Pantau","Tidak Ada Indikasi Bias")) -> Tidak Ada Indikasi Bias
A12: =EMS!A6 -> 2. Contoh isu eksternal adalah: | B12: =EMS!B6 -> 1 | C12: =EMS!C6 -> 1 | D12: =EMS!D6 -> 1 | E12: =EMS!E6 -> 0 | F12: =EMS!F6 -> 1 | G12: =EMS!G6 -> 0 | H12: =EMS!H6 -> 0 | ... K12: =EMS!K6 -> 0 | L12: =COUNTIF($B$8:$K$8,"Laki-Laki") -> 5 | M12: =COUNTIF($B$8:$K$8,"Perempuan") -> 5 | N12: =SUMIF($B$8:$K$8,"Laki-Laki",EMS!B6:K6) -> 2 | O12: =SUMIF($B$8:$K$8,"Perempuan",EMS!B6:K6) -> 2 | P12: =IF(N12=0,0.3,IF(N12=L12,L12-0.3,N12)) -> 2 | Q12: =IF(O12=0,0.3,IF(O12=M12,M12-0.3,O12)) -> 2 | R12: =LN((L12-P12)/P12) -> 0.40546511 | S12: =LN((M12-Q12)/Q12) -> 0.40546511 | T12: =R12-AVERAGE($R$11:$R$110) -> 0.46091688 | U12: =S12-AVERAGE($S$11:$S$110) -> 0.46091688 | V12: =SQRT(1/P12+1/(L12-P12)) -> 0.91287093 | W12: =SQRT(1/Q12+1/(M12-Q12)) -> 0.91287093 | X12: =T12-U12 -> 0 | Y12: =SQRT(V12^2+W12^2) -> 1.2909944 | Z12: =X12/Y12 -> 0 | AA12: =IF(AND(ABS(X12)>=$B$4,ABS(Z12)>=$B$5),"DIF Besar - review",IF(AND(ABS(X12)>=$B$3,ABS(Z12)>=$B$5),"DIF Moderat - cek","Negligible")) -> Negligible | AB12: =IF(ABS(X12)>=$B$4,"Berpotensi Bias - Tinjau Konten",IF(ABS(X12)>=$B$3,"Indikasi Ringan - Pantau","Tidak Ada Indikasi Bias")) -> Tidak Ada Indikasi Bias
A13: =EMS!A7 -> 3. Pihak berkepentingan (interested parties) meliputi: | B13: =EMS!B7 -> 1 | C13: =EMS!C7 -> 1 | D13: =EMS!D7 -> 1 | E13: =EMS!E7 -> 0 | F13: =EMS!F7 -> 1 | G13: =EMS!G7 -> 0 | H13: =EMS!H7 -> 0 | ... K13: =EMS!K7 -> 1 | L13: =COUNTIF($B$8:$K$8,"Laki-Laki") -> 5 | M13: =COUNTIF($B$8:$K$8,"Perempuan") -> 5 | N13: =SUMIF($B$8:$K$8,"Laki-Laki",EMS!B7:K7) -> 3 | O13: =SUMIF($B$8:$K$8,"Perempuan",EMS!B7:K7) -> 3 | P13: =IF(N13=0,0.3,IF(N13=L13,L13-0.3,N13)) -> 3 | Q13: =IF(O13=0,0.3,IF(O13=M13,M13-0.3,O13)) -> 3 | R13: =LN((L13-P13)/P13) -> -0.40546511 | S13: =LN((M13-Q13)/Q13) -> -0.40546511 | T13: =R13-AVERAGE($R$11:$R$110) -> -0.35001333 | U13: =S13-AVERAGE($S$11:$S$110) -> -0.35001333 | V13: =SQRT(1/P13+1/(L13-P13)) -> 0.91287093 | W13: =SQRT(1/Q13+1/(M13-Q13)) -> 0.91287093 | X13: =T13-U13 -> 0 | Y13: =SQRT(V13^2+W13^2) -> 1.2909944 | Z13: =X13/Y13 -> 0 | AA13: =IF(AND(ABS(X13)>=$B$4,ABS(Z13)>=$B$5),"DIF Besar - review",IF(AND(ABS(X13)>=$B$3,ABS(Z13)>=$B$5),"DIF Moderat - cek","Negligible")) -> Negligible | AB13: =IF(ABS(X13)>=$B$4,"Berpotensi Bias - Tinjau Konten",IF(ABS(X13)>=$B$3,"Indikasi Ringan - Pantau","Tidak Ada Indikasi Bias")) -> Tidak Ada Indikasi Bias
A14: =EMS!A8 -> 4. Kebutuhan pihak berkepentingan harus: | B14: =EMS!B8 -> 0 | C14: =EMS!C8 -> 0 | D14: =EMS!D8 -> 0 | E14: =EMS!E8 -> 1 | F14: =EMS!F8 -> 0 | G14: =EMS!G8 -> 1 | H14: =EMS!H8 -> 1 | ... K14: =EMS!K8 -> 0 | L14: =COUNTIF($B$8:$K$8,"Laki-Laki") -> 5 | M14: =COUNTIF($B$8:$K$8,"Perempuan") -> 5 | N14: =SUMIF($B$8:$K$8,"Laki-Laki",EMS!B8:K8) -> 2 | O14: =SUMIF($B$8:$K$8,"Perempuan",EMS!B8:K8) -> 2 | P14: =IF(N14=0,0.3,IF(N14=L14,L14-0.3,N14)) -> 2 | Q14: =IF(O14=0,0.3,IF(O14=M14,M14-0.3,O14)) -> 2 | R14: =LN((L14-P14)/P14) -> 0.40546511 | S14: =LN((M14-Q14)/Q14) -> 0.40546511 | T14: =R14-AVERAGE($R$11:$R$110) -> 0.46091688 | U14: =S14-AVERAGE($S$11:$S$110) -> 0.46091688 | V14: =SQRT(1/P14+1/(L14-P14)) -> 0.91287093 | W14: =SQRT(1/Q14+1/(M14-Q14)) -> 0.91287093 | X14: =T14-U14 -> 0 | Y14: =SQRT(V14^2+W14^2) -> 1.2909944 | Z14: =X14/Y14 -> 0 | AA14: =IF(AND(ABS(X14)>=$B$4,ABS(Z14)>=$B$5),"DIF Besar - review",IF(AND(ABS(X14)>=$B$3,ABS(Z14)>=$B$5),"DIF Moderat - cek","Negligible")) -> Negligible | AB14: =IF(ABS(X14)>=$B$4,"Berpotensi Bias - Tinjau Konten",IF(ABS(X14)>=$B$3,"Indikasi Ringan - Pantau","Tidak Ada Indikasi Bias")) -> Tidak Ada Indikasi Bias
A15: =EMS!A9 -> 5. Lingkup SML harus: | B15: =EMS!B9 -> 1 | C15: =EMS!C9 -> 1 | D15: =EMS!D9 -> 1 | E15: =EMS!E9 -> 0 | F15: =EMS!F9 -> 1 | G15: =EMS!G9 -> 0 | H15: =EMS!H9 -> 0 | ... K15: =EMS!K9 -> 0 | L15: =COUNTIF($B$8:$K$8,"Laki-Laki") -> 5 | M15: =COUNTIF($B$8:$K$8,"Perempuan") -> 5 | N15: =SUMIF($B$8:$K$8,"Laki-Laki",EMS!B9:K9) -> 2 | O15: =SUMIF($B$8:$K$8,"Perempuan",EMS!B9:K9) -> 2 | P15: =IF(N15=0,0.3,IF(N15=L15,L15-0.3,N15)) -> 2 | Q15: =IF(O15=0,0.3,IF(O15=M15,M15-0.3,O15)) -> 2 | R15: =LN((L15-P15)/P15) -> 0.40546511 | S15: =LN((M15-Q15)/Q15) -> 0.40546511 | T15: =R15-AVERAGE($R$11:$R$110) -> 0.46091688 | U15: =S15-AVERAGE($S$11:$S$110) -> 0.46091688 | V15: =SQRT(1/P15+1/(L15-P15)) -> 0.91287093 | W15: =SQRT(1/Q15+1/(M15-Q15)) -> 0.91287093 | X15: =T15-U15 -> 0 | Y15: =SQRT(V15^2+W15^2) -> 1.2909944 | Z15: =X15/Y15 -> 0 | AA15: =IF(AND(ABS(X15)>=$B$4,ABS(Z15)>=$B$5),"DIF Besar - review",IF(AND(ABS(X15)>=$B$3,ABS(Z15)>=$B$5),"DIF Moderat - cek","Negligible")) -> Negligible | AB15: =IF(ABS(X15)>=$B$4,"Berpotensi Bias - Tinjau Konten",IF(ABS(X15)>=$B$3,"Indikasi Ringan - Pantau","Tidak Ada Indikasi Bias")) -> Tidak Ada Indikasi Bias
A16: =EMS!A10 -> 6. Tujuan utama memahami konteks organisasi adalah: | B16: =EMS!B10 -> 0 | C16: =EMS!C10 -> 0 | D16: =EMS!D10 -> 1 | E16: =EMS!E10 -> 0 | F16: =EMS!F10 -> 1 | G16: =EMS!G10 -> 0 | H16: =EMS!H10 -> 0 | ... K16: =EMS!K10 -> 0 | L16: =COUNTIF($B$8:$K$8,"Laki-Laki") -> 5 | M16: =COUNTIF($B$8:$K$8,"Perempuan") -> 5 | N16: =SUMIF($B$8:$K$8,"Laki-Laki",EMS!B10:K10) -> 1 | O16: =SUMIF($B$8:$K$8,"Perempuan",EMS!B10:K10) -> 1 | P16: =IF(N16=0,0.3,IF(N16=L16,L16-0.3,N16)) -> 1 | Q16: =IF(O16=0,0.3,IF(O16=M16,M16-0.3,O16)) -> 1 | R16: =LN((L16-P16)/P16) -> 1.3862944 | S16: =LN((M16-Q16)/Q16) -> 1.3862944 | T16: =R16-AVERAGE($R$11:$R$110) -> 1.4417461 | U16: =S16-AVERAGE($S$11:$S$110) -> 1.4417461 | V16: =SQRT(1/P16+1/(L16-P16)) -> 1.118034 | W16: =SQRT(1/Q16+1/(M16-Q16)) -> 1.118034 | X16: =T16-U16 -> 0 | Y16: =SQRT(V16^2+W16^2) -> 1.5811388 | Z16: =X16/Y16 -> 0 | AA16: =IF(AND(ABS(X16)>=$B$4,ABS(Z16)>=$B$5),"DIF Besar - review",IF(AND(ABS(X16)>=$B$3,ABS(Z16)>=$B$5),"DIF Moderat - cek","Negligible")) -> Negligible | AB16: =IF(ABS(X16)>=$B$4,"Berpotensi Bias - Tinjau Konten",IF(ABS(X16)>=$B$3,"Indikasi Ringan - Pantau","Tidak Ada Indikasi Bias")) -> Tidak Ada Indikasi Bias
A17: =EMS!A11 -> 7. Faktor internal meliputi: | B17: =EMS!B11 -> 1 | C17: =EMS!C11 -> 1 | D17: =EMS!D11 -> 1 | E17: =EMS!E11 -> 1 | F17: =EMS!F11 -> 1 | G17: =EMS!G11 -> 1 | H17: =EMS!H11 -> 0 | ... K17: =EMS!K11 -> 0 | L17: =COUNTIF($B$8:$K$8,"Laki-Laki") -> 5 | M17: =COUNTIF($B$8:$K$8,"Perempuan") -> 5 | N17: =SUMIF($B$8:$K$8,"Laki-Laki",EMS!B11:K11) -> 3 | O17: =SUMIF($B$8:$K$8,"Perempuan",EMS!B11:K11) -> 3 | P17: =IF(N17=0,0.3,IF(N17=L17,L17-0.3,N17)) -> 3 | Q17: =IF(O17=0,0.3,IF(O17=M17,M17-0.3,O17)) -> 3 | R17: =LN((L17-P17)/P17) -> -0.40546511 | S17: =LN((M17-Q17)/Q17) -> -0.40546511 | T17: =R17-AVERAGE($R$11:$R$110) -> -0.35001333 | U17: =S17-AVERAGE($S$11:$S$110) -> -0.35001333 | V17: =SQRT(1/P17+1/(L17-P17)) -> 0.91287093 | W17: =SQRT(1/Q17+1/(M17-Q17)) -> 0.91287093 | X17: =T17-U17 -> 0 | Y17: =SQRT(V17^2+W17^2) -> 1.2909944 | Z17: =X17/Y17 -> 0 | AA17: =IF(AND(ABS(X17)>=$B$4,ABS(Z17)>=$B$5),"DIF Besar - review",IF(AND(ABS(X17)>=$B$3,ABS(Z17)>=$B$5),"DIF Moderat - cek","Negligible")) -> Negligible | AB17: =IF(ABS(X17)>=$B$4,"Berpotensi Bias - Tinjau Konten",IF(ABS(X17)>=$B$3,"Indikasi Ringan - Pantau","Tidak Ada Indikasi Bias")) -> Tidak Ada Indikasi Bias
A18: =EMS!A12 -> 8. Organisasi harus memantau konteks organisasi secara: | B18: =EMS!B12 -> 1 | C18: =EMS!C12 -> 1 | D18: =EMS!D12 -> 1 | E18: =EMS!E12 -> 0 | F18: =EMS!F12 -> 1 | G18: =EMS!G12 -> 0 | H18: =EMS!H12 -> 0 | ... K18: =EMS!K12 -> 0 | L18: =COUNTIF($B$8:$K$8,"Laki-Laki") -> 5 | M18: =COUNTIF($B$8:$K$8,"Perempuan") -> 5 | N18: =SUMIF($B$8:$K$8,"Laki-Laki",EMS!B12:K12) -> 2 | O18: =SUMIF($B$8:$K$8,"Perempuan",EMS!B12:K12) -> 2 | P18: =IF(N18=0,0.3,IF(N18=L18,L18-0.3,N18)) -> 2 | Q18: =IF(O18=0,0.3,IF(O18=M18,M18-0.3,O18)) -> 2 | R18: =LN((L18-P18)/P18) -> 0.40546511 | S18: =LN((M18-Q18)/Q18) -> 0.40546511 | T18: =R18-AVERAGE($R$11:$R$110) -> 0.46091688 | U18: =S18-AVERAGE($S$11:$S$110) -> 0.46091688 | V18: =SQRT(1/P18+1/(L18-P18)) -> 0.91287093 | W18: =SQRT(1/Q18+1/(M18-Q18)) -> 0.91287093 | X18: =T18-U18 -> 0 | Y18: =SQRT(V18^2+W18^2) -> 1.2909944 | Z18: =X18/Y18 -> 0 | AA18: =IF(AND(ABS(X18)>=$B$4,ABS(Z18)>=$B$5),"DIF Besar - review",IF(AND(ABS(X18)>=$B$3,ABS(Z18)>=$B$5),"DIF Moderat - cek","Negligible")) -> Negligible | AB18: =IF(ABS(X18)>=$B$4,"Berpotensi Bias - Tinjau Konten",IF(ABS(X18)>=$B$3,"Indikasi Ringan - Pantau","Tidak Ada Indikasi Bias")) -> Tidak Ada Indikasi Bias
A19: =EMS!A13 -> 9. Contoh pihak berkepentingan internal adalah: | B19: =EMS!B13 -> 1 | C19: =EMS!C13 -> 1 | D19: =EMS!D13 -> 1 | E19: =EMS!E13 -> 0 | F19: =EMS!F13 -> 1 | G19: =EMS!G13 -> 0 | H19: =EMS!H13 -> 0 | ... K19: =EMS!K13 -> 1 | L19: =COUNTIF($B$8:$K$8,"Laki-Laki") -> 5 | M19: =COUNTIF($B$8:$K$8,"Perempuan") -> 5 | N19: =SUMIF($B$8:$K$8,"Laki-Laki",EMS!B13:K13) -> 3 | O19: =SUMIF($B$8:$K$8,"Perempuan",EMS!B13:K13) -> 3 | P19: =IF(N19=0,0.3,IF(N19=L19,L19-0.3,N19)) -> 3 | Q19: =IF(O19=0,0.3,IF(O19=M19,M19-0.3,O19)) -> 3 | R19: =LN((L19-P19)/P19) -> -0.40546511 | S19: =LN((M19-Q19)/Q19) -> -0.40546511 | T19: =R19-AVERAGE($R$11:$R$110) -> -0.35001333 | U19: =S19-AVERAGE($S$11:$S$110) -> -0.35001333 | V19: =SQRT(1/P19+1/(L19-P19)) -> 0.91287093 | W19: =SQRT(1/Q19+1/(M19-Q19)) -> 0.91287093 | X19: =T19-U19 -> 0 | Y19: =SQRT(V19^2+W19^2) -> 1.2909944 | Z19: =X19/Y19 -> 0 | AA19: =IF(AND(ABS(X19)>=$B$4,ABS(Z19)>=$B$5),"DIF Besar - review",IF(AND(ABS(X19)>=$B$3,ABS(Z19)>=$B$5),"DIF Moderat - cek","Negligible")) -> Negligible | AB19: =IF(ABS(X19)>=$B$4,"Berpotensi Bias - Tinjau Konten",IF(ABS(X19)>=$B$3,"Indikasi Ringan - Pantau","Tidak Ada Indikasi Bias")) -> Tidak Ada Indikasi Bias
A20: =EMS!A14 -> 10. Risiko terkait konteks organisasi harus: | B20: =EMS!B14 -> 1 | C20: =EMS!C14 -> 1 | D20: =EMS!D14 -> 1 | E20: =EMS!E14 -> 0 | F20: =EMS!F14 -> 1 | G20: =EMS!G14 -> 0 | H20: =EMS!H14 -> 0 | ... K20: =EMS!K14 -> 0 | L20: =COUNTIF($B$8:$K$8,"Laki-Laki") -> 5 | M20: =COUNTIF($B$8:$K$8,"Perempuan") -> 5 | N20: =SUMIF($B$8:$K$8,"Laki-Laki",EMS!B14:K14) -> 2 | O20: =SUMIF($B$8:$K$8,"Perempuan",EMS!B14:K14) -> 2 | P20: =IF(N20=0,0.3,IF(N20=L20,L20-0.3,N20)) -> 2 | Q20: =IF(O20=0,0.3,IF(O20=M20,M20-0.3,O20)) -> 2 | R20: =LN((L20-P20)/P20) -> 0.40546511 | S20: =LN((M20-Q20)/Q20) -> 0.40546511 | T20: =R20-AVERAGE($R$11:$R$110) -> 0.46091688 | U20: =S20-AVERAGE($S$11:$S$110) -> 0.46091688 | V20: =SQRT(1/P20+1/(L20-P20)) -> 0.91287093 | W20: =SQRT(1/Q20+1/(M20-Q20)) -> 0.91287093 | X20: =T20-U20 -> 0 | Y20: =SQRT(V20^2+W20^2) -> 1.2909944 | Z20: =X20/Y20 -> 0 | AA20: =IF(AND(ABS(X20)>=$B$4,ABS(Z20)>=$B$5),"DIF Besar - review",IF(AND(ABS(X20)>=$B$3,ABS(Z20)>=$B$5),"DIF Moderat - cek","Negligible")) -> Negligible | AB20: =IF(ABS(X20)>=$B$4,"Berpotensi Bias - Tinjau Konten",IF(ABS(X20)>=$B$3,"Indikasi Ringan - Pantau","Tidak Ada Indikasi Bias")) -> Tidak Ada Indikasi Bias
A21: =EMS!A15 -> 11. Lingkup SML harus mencakup: | B21: =EMS!B15 -> 1 | C21: =EMS!C15 -> 1 | D21: =EMS!D15 -> 1 | E21: =EMS!E15 -> 1 | F21: =EMS!F15 -> 1 | G21: =EMS!G15 -> 1 | H21: =EMS!H15 -> 1 | ... K21: =EMS!K15 -> 0 | L21: =COUNTIF($B$8:$K$8,"Laki-Laki") -> 5 | M21: =COUNTIF($B$8:$K$8,"Perempuan") -> 5 | N21: =SUMIF($B$8:$K$8,"Laki-Laki",EMS!B15:K15) -> 4 | O21: =SUMIF($B$8:$K$8,"Perempuan",EMS!B15:K15) -> 4 | P21: =IF(N21=0,0.3,IF(N21=L21,L21-0.3,N21)) -> 4 | Q21: =IF(O21=0,0.3,IF(O21=M21,M21-0.3,O21)) -> 4 | R21: =LN((L21-P21)/P21) -> -1.3862944 | S21: =LN((M21-Q21)/Q21) -> -1.3862944 | T21: =R21-AVERAGE($R$11:$R$110) -> -1.3308426 | U21: =S21-AVERAGE($S$11:$S$110) -> -1.3308426 | V21: =SQRT(1/P21+1/(L21-P21)) -> 1.118034 | W21: =SQRT(1/Q21+1/(M21-Q21)) -> 1.118034 | X21: =T21-U21 -> 0 | Y21: =SQRT(V21^2+W21^2) -> 1.5811388 | Z21: =X21/Y21 -> 0 | AA21: =IF(AND(ABS(X21)>=$B$4,ABS(Z21)>=$B$5),"DIF Besar - review",IF(AND(ABS(X21)>=$B$3,ABS(Z21)>=$B$5),"DIF Moderat - cek","Negligible")) -> Negligible | AB21: =IF(ABS(X21)>=$B$4,"Berpotensi Bias - Tinjau Konten",IF(ABS(X21)>=$B$3,"Indikasi Ringan - Pantau","Tidak Ada Indikasi Bias")) -> Tidak Ada Indikasi Bias
A22: =EMS!A16 -> 12. Dokumentasi lingkup bertujuan untuk: | B22: =EMS!B16 -> 1 | C22: =EMS!C16 -> 1 | D22: =EMS!D16 -> 1 | E22: =EMS!E16 -> 0 | F22: =EMS!F16 -> 1 | G22: =EMS!G16 -> 0 | H22: =EMS!H16 -> 0 | ... K22: =EMS!K16 -> 0 | L22: =COUNTIF($B$8:$K$8,"Laki-Laki") -> 5 | M22: =COUNTIF($B$8:$K$8,"Perempuan") -> 5 | N22: =SUMIF($B$8:$K$8,"Laki-Laki",EMS!B16:K16) -> 2 | O22: =SUMIF($B$8:$K$8,"Perempuan",EMS!B16:K16) -> 2 | P22: =IF(N22=0,0.3,IF(N22=L22,L22-0.3,N22)) -> 2 | Q22: =IF(O22=0,0.3,IF(O22=M22,M22-0.3,O22)) -> 2 | R22: =LN((L22-P22)/P22) -> 0.40546511 | S22: =LN((M22-Q22)/Q22) -> 0.40546511 | T22: =R22-AVERAGE($R$11:$R$110) -> 0.46091688 | U22: =S22-AVERAGE($S$11:$S$110) -> 0.46091688 | V22: =SQRT(1/P22+1/(L22-P22)) -> 0.91287093 | W22: =SQRT(1/Q22+1/(M22-Q22)) -> 0.91287093 | X22: =T22-U22 -> 0 | Y22: =SQRT(V22^2+W22^2) -> 1.2909944 | Z22: =X22/Y22 -> 0 | AA22: =IF(AND(ABS(X22)>=$B$4,ABS(Z22)>=$B$5),"DIF Besar - review",IF(AND(ABS(X22)>=$B$3,ABS(Z22)>=$B$5),"DIF Moderat - cek","Negligible")) -> Negligible | AB22: =IF(ABS(X22)>=$B$4,"Berpotensi Bias - Tinjau Konten",IF(ABS(X22)>=$B$3,"Indikasi Ringan - Pantau","Tidak Ada Indikasi Bias")) -> Tidak Ada Indikasi Bias
... A110: =EMS!A104 -> 100. Tujuan akhir ISO 14001 adalah: | B110: =EMS!B104 -> 1 | C110: =EMS!C104 -> 1 | D110: =EMS!D104 -> 1 | E110: =EMS!E104 -> 0 | F110: =EMS!F104 -> 1 | G110: =EMS!G104 -> 0 | H110: =EMS!H104 -> 1 | ... K110: =EMS!K104 -> 0 | L110: =COUNTIF($B$8:$K$8,"Laki-Laki") -> 5 | M110: =COUNTIF($B$8:$K$8,"Perempuan") -> 5 | N110: =SUMIF($B$8:$K$8,"Laki-Laki",EMS!B104:K104) -> 3 | O110: =SUMIF($B$8:$K$8,"Perempuan",EMS!B104:K104) -> 3 | P110: =IF(N110=0,0.3,IF(N110=L110,L110-0.3,N110)) -> 3 | Q110: =IF(O110=0,0.3,IF(O110=M110,M110-0.3,O110)) -> 3 | R110: =LN((L110-P110)/P110) -> -0.40546511 | S110: =LN((M110-Q110)/Q110) -> -0.40546511 | T110: =R110-AVERAGE($R$11:$R$110) -> -0.35001333 | U110: =S110-AVERAGE($S$11:$S$110) -> -0.35001333 | V110: =SQRT(1/P110+1/(L110-P110)) -> 0.91287093 | W110: =SQRT(1/Q110+1/(M110-Q110)) -> 0.91287093 | X110: =T110-U110 -> 0 | Y110: =SQRT(V110^2+W110^2) -> 1.2909944 | Z110: =X110/Y110 -> 0 | AA110: =IF(AND(ABS(X110)>=$B$4,ABS(Z110)>=$B$5),"DIF Besar - review",IF(AND(ABS(X110)>=$B$3,ABS(Z110)>=$B$5),"DIF Moderat - cek","Negligible")) -> Negligible | AB110: =IF(ABS(X110)>=$B$4,"Berpotensi Bias - Tinjau Konten",IF(ABS(X110)>=$B$3,"Indikasi Ringan - Pantau","Tidak Ada Indikasi Bias")) -> Tidak Ada Indikasi Bias
B111: =SUM(B11:B110) -> 87 | C111: =SUM(C11:C110) -> 87 | D111: =SUM(D11:D110) -> 81 | E111: =SUM(E11:E110) -> 48 | F111: =SUM(F11:F110) -> 81 | G111: =SUM(G11:G110) -> 48 | H111: =SUM(H11:H110) -> 20 | I111: =SUM(I11:I110) -> 20 | ... K111: =SUM(K11:K110) -> 20

Sheet DIF-Rasch-ESG
A1: UJI RASCH DIF (Pendekatan PROX) — Skema ESG
A3: Ambang DIF (logit) - Moderat | B3: 0.5 | N3: Ringkasan Signifikansi Statistik (t-test) | Q3: Ringkasan Kesimpulan Praktis (Kontras)
A4: Ambang DIF (logit) - Besar | B4: 1 | N4: DIF Besar - review | O4: =COUNTIF($AA$11:$AA$110,"DIF Besar - review") -> 0 | Q4: Berpotensi Bias - Tinjau Konten | R4: =COUNTIF($AB$11:$AB$110,"Berpotensi Bias - Tinjau Konten") -> 0
A5: Ambang |t| minimum | B5: 2 | N5: DIF Moderat - cek | O5: =COUNTIF($AA$11:$AA$110,"DIF Moderat - cek") -> 0 | Q5: Indikasi Ringan - Pantau | R5: =COUNTIF($AB$11:$AB$110,"Indikasi Ringan - Pantau") -> 0
A6: Kontras DIF Maksimum (data ini) | B6: =_xlfn.AGGREGATE(14,6,ABS(X11:X110),1) -> 0 | N6: Negligible | O6: =COUNTIF($AA$11:$AA$110,"Negligible") -> 100 | Q6: Tidak Ada Indikasi Bias | R6: =COUNTIF($AB$11:$AB$110,"Tidak Ada Indikasi Bias") -> 100
A8: Jenis Kelamin | B8: =ESG!B2 -> Perempuan | C8: =ESG!C2 -> Laki-Laki | D8: =ESG!D2 -> Perempuan | E8: =ESG!E2 -> Perempuan | F8: =ESG!F2 -> Laki-Laki | G8: =ESG!G2 -> Laki-Laki | H8: =ESG!H2 -> Perempuan | I8: =ESG!I2 -> Laki-Laki | ... K8: =ESG!K2 -> Laki-Laki
A9: Soal | B9: Asesi | L9: N (L) | M9: N (P) | N9: S (L) | O9: S (P) | P9: S adj (L) | Q9: S adj (P) | R9: β mentah (L) | S9: β mentah (P) | T9: β center (L) | U9: β center (P) | V9: SE (L) | W9: SE (P) | X9: Kontras DIF | Y9: SE Gabungan | Z9: t-stat | AA9: Klasifikasi DIF | AB9: Kesimpulan Praktis (Kontras)
B10: 1 | C10: 2 | D10: 3 | E10: 4 | F10: 5 | G10: 6 | H10: 7 | I10: 8 | J10: 9 | K10: 10
A11: =ESG!A5 -> 1. Dalam proses identifikasi pemangku kepentingan, pendekatan paling sistematis adalah: | B11: =ESG!B5 -> 1 | C11: =ESG!C5 -> 1 | D11: =ESG!D5 -> 1 | E11: =ESG!E5 -> 0 | F11: =ESG!F5 -> 1 | G11: =ESG!G5 -> 0 | H11: =ESG!H5 -> 0 | ... K11: =ESG!K5 -> 0 | L11: =COUNTIF($B$8:$K$8,"Laki-Laki") -> 5 | M11: =COUNTIF($B$8:$K$8,"Perempuan") -> 5 | N11: =SUMIF($B$8:$K$8,"Laki-Laki",ESG!B5:K5) -> 2 | O11: =SUMIF($B$8:$K$8,"Perempuan",ESG!B5:K5) -> 2 | P11: =IF(N11=0,0.3,IF(N11=L11,L11-0.3,N11)) -> 2 | Q11: =IF(O11=0,0.3,IF(O11=M11,M11-0.3,O11)) -> 2 | R11: =LN((L11-P11)/P11) -> 0.40546511 | S11: =LN((M11-Q11)/Q11) -> 0.40546511 | T11: =R11-AVERAGE($R$11:$R$110) -> 0.46732719 | U11: =S11-AVERAGE($S$11:$S$110) -> 0.46732719 | V11: =SQRT(1/P11+1/(L11-P11)) -> 0.91287093 | W11: =SQRT(1/Q11+1/(M11-Q11)) -> 0.91287093 | X11: =T11-U11 -> 0 | Y11: =SQRT(V11^2+W11^2) -> 1.2909944 | Z11: =X11/Y11 -> 0 | AA11: =IF(AND(ABS(X11)>=$B$4,ABS(Z11)>=$B$5),"DIF Besar - review",IF(AND(ABS(X11)>=$B$3,ABS(Z11)>=$B$5),"DIF Moderat - cek","Negligible")) -> Negligible | AB11: =IF(ABS(X11)>=$B$4,"Berpotensi Bias - Tinjau Konten",IF(ABS(X11)>=$B$3,"Indikasi Ringan - Pantau","Tidak Ada Indikasi Bias")) -> Tidak Ada Indikasi Bias
A12: =ESG!A6 -> 2. Jika terdapat dua kelompok stakeholder dengan kepentingan yang bertolak belakang, ESG Officer harus: | B12: =ESG!B6 -> 0 | C12: =ESG!C6 -> 0 | D12: =ESG!D6 -> 0 | E12: =ESG!E6 -> 0 | F12: =ESG!F6 -> 0 | G12: =ESG!G6 -> 0 | H12: =ESG!H6 -> 0 | ... K12: =ESG!K6 -> 1 | L12: =COUNTIF($B$8:$K$8,"Laki-Laki") -> 5 | M12: =COUNTIF($B$8:$K$8,"Perempuan") -> 5 | N12: =SUMIF($B$8:$K$8,"Laki-Laki",ESG!B6:K6) -> 1 | O12: =SUMIF($B$8:$K$8,"Perempuan",ESG!B6:K6) -> 1 | P12: =IF(N12=0,0.3,IF(N12=L12,L12-0.3,N12)) -> 1 | Q12: =IF(O12=0,0.3,IF(O12=M12,M12-0.3,O12)) -> 1 | R12: =LN((L12-P12)/P12) -> 1.3862944 | S12: =LN((M12-Q12)/Q12) -> 1.3862944 | T12: =R12-AVERAGE($R$11:$R$110) -> 1.4481564 | U12: =S12-AVERAGE($S$11:$S$110) -> 1.4481564 | V12: =SQRT(1/P12+1/(L12-P12)) -> 1.118034 | W12: =SQRT(1/Q12+1/(M12-Q12)) -> 1.118034 | X12: =T12-U12 -> 0 | Y12: =SQRT(V12^2+W12^2) -> 1.5811388 | Z12: =X12/Y12 -> 0 | AA12: =IF(AND(ABS(X12)>=$B$4,ABS(Z12)>=$B$5),"DIF Besar - review",IF(AND(ABS(X12)>=$B$3,ABS(Z12)>=$B$5),"DIF Moderat - cek","Negligible")) -> Negligible | AB12: =IF(ABS(X12)>=$B$4,"Berpotensi Bias - Tinjau Konten",IF(ABS(X12)>=$B$3,"Indikasi Ringan - Pantau","Tidak Ada Indikasi Bias")) -> Tidak Ada Indikasi Bias
A13: =ESG!A7 -> 3. Risiko terbesar jika stakeholder mapping tidak diperbarui secara berkala adalah: | B13: =ESG!B7 -> 1 | C13: =ESG!C7 -> 1 | D13: =ESG!D7 -> 1 | E13: =ESG!E7 -> 0 | F13: =ESG!F7 -> 1 | G13: =ESG!G7 -> 0 | H13: =ESG!H7 -> 0 | ... K13: =ESG!K7 -> 0 | L13: =COUNTIF($B$8:$K$8,"Laki-Laki") -> 5 | M13: =COUNTIF($B$8:$K$8,"Perempuan") -> 5 | N13: =SUMIF($B$8:$K$8,"Laki-Laki",ESG!B7:K7) -> 2 | O13: =SUMIF($B$8:$K$8,"Perempuan",ESG!B7:K7) -> 2 | P13: =IF(N13=0,0.3,IF(N13=L13,L13-0.3,N13)) -> 2 | Q13: =IF(O13=0,0.3,IF(O13=M13,M13-0.3,O13)) -> 2 | R13: =LN((L13-P13)/P13) -> 0.40546511 | S13: =LN((M13-Q13)/Q13) -> 0.40546511 | T13: =R13-AVERAGE($R$11:$R$110) -> 0.46732719 | U13: =S13-AVERAGE($S$11:$S$110) -> 0.46732719 | V13: =SQRT(1/P13+1/(L13-P13)) -> 0.91287093 | W13: =SQRT(1/Q13+1/(M13-Q13)) -> 0.91287093 | X13: =T13-U13 -> 0 | Y13: =SQRT(V13^2+W13^2) -> 1.2909944 | Z13: =X13/Y13 -> 0 | AA13: =IF(AND(ABS(X13)>=$B$4,ABS(Z13)>=$B$5),"DIF Besar - review",IF(AND(ABS(X13)>=$B$3,ABS(Z13)>=$B$5),"DIF Moderat - cek","Negligible")) -> Negligible | AB13: =IF(ABS(X13)>=$B$4,"Berpotensi Bias - Tinjau Konten",IF(ABS(X13)>=$B$3,"Indikasi Ringan - Pantau","Tidak Ada Indikasi Bias")) -> Tidak Ada Indikasi Bias
A14: =ESG!A8 -> 4. Dalam konteks ESG, stakeholder dengan pengaruh tinggi tetapi kepentingan rendah harus: | B14: =ESG!B8 -> 1 | C14: =ESG!C8 -> 1 | D14: =ESG!D8 -> 1 | E14: =ESG!E8 -> 1 | F14: =ESG!F8 -> 1 | G14: =ESG!G8 -> 1 | H14: =ESG!H8 -> 0 | ... K14: =ESG!K8 -> 0 | L14: =COUNTIF($B$8:$K$8,"Laki-Laki") -> 5 | M14: =COUNTIF($B$8:$K$8,"Perempuan") -> 5 | N14: =SUMIF($B$8:$K$8,"Laki-Laki",ESG!B8:K8) -> 3 | O14: =SUMIF($B$8:$K$8,"Perempuan",ESG!B8:K8) -> 3 | P14: =IF(N14=0,0.3,IF(N14=L14,L14-0.3,N14)) -> 3 | Q14: =IF(O14=0,0.3,IF(O14=M14,M14-0.3,O14)) -> 3 | R14: =LN((L14-P14)/P14) -> -0.40546511 | S14: =LN((M14-Q14)/Q14) -> -0.40546511 | T14: =R14-AVERAGE($R$11:$R$110) -> -0.34360302 | U14: =S14-AVERAGE($S$11:$S$110) -> -0.34360302 | V14: =SQRT(1/P14+1/(L14-P14)) -> 0.91287093 | W14: =SQRT(1/Q14+1/(M14-Q14)) -> 0.91287093 | X14: =T14-U14 -> 0 | Y14: =SQRT(V14^2+W14^2) -> 1.2909944 | Z14: =X14/Y14 -> 0 | AA14: =IF(AND(ABS(X14)>=$B$4,ABS(Z14)>=$B$5),"DIF Besar - review",IF(AND(ABS(X14)>=$B$3,ABS(Z14)>=$B$5),"DIF Moderat - cek","Negligible")) -> Negligible | AB14: =IF(ABS(X14)>=$B$4,"Berpotensi Bias - Tinjau Konten",IF(ABS(X14)>=$B$3,"Indikasi Ringan - Pantau","Tidak Ada Indikasi Bias")) -> Tidak Ada Indikasi Bias
A15: =ESG!A9 -> 5. Tujuan utama konsultasi stakeholder adalah: | B15: =ESG!B9 -> 1 | C15: =ESG!C9 -> 1 | D15: =ESG!D9 -> 1 | E15: =ESG!E9 -> 0 | F15: =ESG!F9 -> 1 | G15: =ESG!G9 -> 0 | H15: =ESG!H9 -> 1 | ... K15: =ESG!K9 -> 0 | L15: =COUNTIF($B$8:$K$8,"Laki-Laki") -> 5 | M15: =COUNTIF($B$8:$K$8,"Perempuan") -> 5 | N15: =SUMIF($B$8:$K$8,"Laki-Laki",ESG!B9:K9) -> 3 | O15: =SUMIF($B$8:$K$8,"Perempuan",ESG!B9:K9) -> 3 | P15: =IF(N15=0,0.3,IF(N15=L15,L15-0.3,N15)) -> 3 | Q15: =IF(O15=0,0.3,IF(O15=M15,M15-0.3,O15)) -> 3 | R15: =LN((L15-P15)/P15) -> -0.40546511 | S15: =LN((M15-Q15)/Q15) -> -0.40546511 | T15: =R15-AVERAGE($R$11:$R$110) -> -0.34360302 | U15: =S15-AVERAGE($S$11:$S$110) -> -0.34360302 | V15: =SQRT(1/P15+1/(L15-P15)) -> 0.91287093 | W15: =SQRT(1/Q15+1/(M15-Q15)) -> 0.91287093 | X15: =T15-U15 -> 0 | Y15: =SQRT(V15^2+W15^2) -> 1.2909944 | Z15: =X15/Y15 -> 0 | AA15: =IF(AND(ABS(X15)>=$B$4,ABS(Z15)>=$B$5),"DIF Besar - review",IF(AND(ABS(X15)>=$B$3,ABS(Z15)>=$B$5),"DIF Moderat - cek","Negligible")) -> Negligible | AB15: =IF(ABS(X15)>=$B$4,"Berpotensi Bias - Tinjau Konten",IF(ABS(X15)>=$B$3,"Indikasi Ringan - Pantau","Tidak Ada Indikasi Bias")) -> Tidak Ada Indikasi Bias
A16: =ESG!A10 -> 6. Jika isu tertentu dianggap material oleh komunitas lokal tetapi tidak oleh manajemen, maka langkah profesional adalah: | B16: =ESG!B10 -> 1 | C16: =ESG!C10 -> 1 | D16: =ESG!D10 -> 1 | E16: =ESG!E10 -> 1 | F16: =ESG!F10 -> 1 | G16: =ESG!G10 -> 1 | H16: =ESG!H10 -> 0 | ... K16: =ESG!K10 -> 0 | L16: =COUNTIF($B$8:$K$8,"Laki-Laki") -> 5 | M16: =COUNTIF($B$8:$K$8,"Perempuan") -> 5 | N16: =SUMIF($B$8:$K$8,"Laki-Laki",ESG!B10:K10) -> 3 | O16: =SUMIF($B$8:$K$8,"Perempuan",ESG!B10:K10) -> 3 | P16: =IF(N16=0,0.3,IF(N16=L16,L16-0.3,N16)) -> 3 | Q16: =IF(O16=0,0.3,IF(O16=M16,M16-0.3,O16)) -> 3 | R16: =LN((L16-P16)/P16) -> -0.40546511 | S16: =LN((M16-Q16)/Q16) -> -0.40546511 | T16: =R16-AVERAGE($R$11:$R$110) -> -0.34360302 | U16: =S16-AVERAGE($S$11:$S$110) -> -0.34360302 | V16: =SQRT(1/P16+1/(L16-P16)) -> 0.91287093 | W16: =SQRT(1/Q16+1/(M16-Q16)) -> 0.91287093 | X16: =T16-U16 -> 0 | Y16: =SQRT(V16^2+W16^2) -> 1.2909944 | Z16: =X16/Y16 -> 0 | AA16: =IF(AND(ABS(X16)>=$B$4,ABS(Z16)>=$B$5),"DIF Besar - review",IF(AND(ABS(X16)>=$B$3,ABS(Z16)>=$B$5),"DIF Moderat - cek","Negligible")) -> Negligible | AB16: =IF(ABS(X16)>=$B$4,"Berpotensi Bias - Tinjau Konten",IF(ABS(X16)>=$B$3,"Indikasi Ringan - Pantau","Tidak Ada Indikasi Bias")) -> Tidak Ada Indikasi Bias
A17: =ESG!A11 -> 7. Kesalahan umum dalam identifikasi isu ESG adalah: | B17: =ESG!B11 -> 1 | C17: =ESG!C11 -> 1 | D17: =ESG!D11 -> 0 | E17: =ESG!E11 -> 0 | F17: =ESG!F11 -> 0 | G17: =ESG!G11 -> 0 | H17: =ESG!H11 -> 0 | ... K17: =ESG!K11 -> 0 | L17: =COUNTIF($B$8:$K$8,"Laki-Laki") -> 5 | M17: =COUNTIF($B$8:$K$8,"Perempuan") -> 5 | N17: =SUMIF($B$8:$K$8,"Laki-Laki",ESG!B11:K11) -> 1 | O17: =SUMIF($B$8:$K$8,"Perempuan",ESG!B11:K11) -> 1 | P17: =IF(N17=0,0.3,IF(N17=L17,L17-0.3,N17)) -> 1 | Q17: =IF(O17=0,0.3,IF(O17=M17,M17-0.3,O17)) -> 1 | R17: =LN((L17-P17)/P17) -> 1.3862944 | S17: =LN((M17-Q17)/Q17) -> 1.3862944 | T17: =R17-AVERAGE($R$11:$R$110) -> 1.4481564 | U17: =S17-AVERAGE($S$11:$S$110) -> 1.4481564 | V17: =SQRT(1/P17+1/(L17-P17)) -> 1.118034 | W17: =SQRT(1/Q17+1/(M17-Q17)) -> 1.118034 | X17: =T17-U17 -> 0 | Y17: =SQRT(V17^2+W17^2) -> 1.5811388 | Z17: =X17/Y17 -> 0 | AA17: =IF(AND(ABS(X17)>=$B$4,ABS(Z17)>=$B$5),"DIF Besar - review",IF(AND(ABS(X17)>=$B$3,ABS(Z17)>=$B$5),"DIF Moderat - cek","Negligible")) -> Negligible | AB17: =IF(ABS(X17)>=$B$4,"Berpotensi Bias - Tinjau Konten",IF(ABS(X17)>=$B$3,"Indikasi Ringan - Pantau","Tidak Ada Indikasi Bias")) -> Tidak Ada Indikasi Bias
A18: =ESG!A12 -> 8. Dalam analisis isu, perbedaan antara risiko dan dampak adalah: | B18: =ESG!B12 -> 1 | C18: =ESG!C12 -> 1 | D18: =ESG!D12 -> 0 | E18: =ESG!E12 -> 1 | F18: =ESG!F12 -> 0 | G18: =ESG!G12 -> 1 | H18: =ESG!H12 -> 0 | ... K18: =ESG!K12 -> 0 | L18: =COUNTIF($B$8:$K$8,"Laki-Laki") -> 5 | M18: =COUNTIF($B$8:$K$8,"Perempuan") -> 5 | N18: =SUMIF($B$8:$K$8,"Laki-Laki",ESG!B12:K12) -> 2 | O18: =SUMIF($B$8:$K$8,"Perempuan",ESG!B12:K12) -> 2 | P18: =IF(N18=0,0.3,IF(N18=L18,L18-0.3,N18)) -> 2 | Q18: =IF(O18=0,0.3,IF(O18=M18,M18-0.3,O18)) -> 2 | R18: =LN((L18-P18)/P18) -> 0.40546511 | S18: =LN((M18-Q18)/Q18) -> 0.40546511 | T18: =R18-AVERAGE($R$11:$R$110) -> 0.46732719 | U18: =S18-AVERAGE($S$11:$S$110) -> 0.46732719 | V18: =SQRT(1/P18+1/(L18-P18)) -> 0.91287093 | W18: =SQRT(1/Q18+1/(M18-Q18)) -> 0.91287093 | X18: =T18-U18 -> 0 | Y18: =SQRT(V18^2+W18^2) -> 1.2909944 | Z18: =X18/Y18 -> 0 | AA18: =IF(AND(ABS(X18)>=$B$4,ABS(Z18)>=$B$5),"DIF Besar - review",IF(AND(ABS(X18)>=$B$3,ABS(Z18)>=$B$5),"DIF Moderat - cek","Negligible")) -> Negligible | AB18: =IF(ABS(X18)>=$B$4,"Berpotensi Bias - Tinjau Konten",IF(ABS(X18)>=$B$3,"Indikasi Ringan - Pantau","Tidak Ada Indikasi Bias")) -> Tidak Ada Indikasi Bias
A19: =ESG!A13 -> 9. ESG Officer harus memastikan bahwa daftar isu: | B19: =ESG!B13 -> 1 | C19: =ESG!C13 -> 1 | D19: =ESG!D13 -> 1 | E19: =ESG!E13 -> 1 | F19: =ESG!F13 -> 1 | G19: =ESG!G13 -> 1 | H19: =ESG!H13 -> 0 | ... K19: =ESG!K13 -> 1 | L19: =COUNTIF($B$8:$K$8,"Laki-Laki") -> 5 | M19: =COUNTIF($B$8:$K$8,"Perempuan") -> 5 | N19: =SUMIF($B$8:$K$8,"Laki-Laki",ESG!B13:K13) -> 4 | O19: =SUMIF($B$8:$K$8,"Perempuan",ESG!B13:K13) -> 4 | P19: =IF(N19=0,0.3,IF(N19=L19,L19-0.3,N19)) -> 4 | Q19: =IF(O19=0,0.3,IF(O19=M19,M19-0.3,O19)) -> 4 | R19: =LN((L19-P19)/P19) -> -1.3862944 | S19: =LN((M19-Q19)/Q19) -> -1.3862944 | T19: =R19-AVERAGE($R$11:$R$110) -> -1.3244323 | U19: =S19-AVERAGE($S$11:$S$110) -> -1.3244323 | V19: =SQRT(1/P19+1/(L19-P19)) -> 1.118034 | W19: =SQRT(1/Q19+1/(M19-Q19)) -> 1.118034 | X19: =T19-U19 -> 0 | Y19: =SQRT(V19^2+W19^2) -> 1.5811388 | Z19: =X19/Y19 -> 0 | AA19: =IF(AND(ABS(X19)>=$B$4,ABS(Z19)>=$B$5),"DIF Besar - review",IF(AND(ABS(X19)>=$B$3,ABS(Z19)>=$B$5),"DIF Moderat - cek","Negligible")) -> Negligible | AB19: =IF(ABS(X19)>=$B$4,"Berpotensi Bias - Tinjau Konten",IF(ABS(X19)>=$B$3,"Indikasi Ringan - Pantau","Tidak Ada Indikasi Bias")) -> Tidak Ada Indikasi Bias
A20: =ESG!A14 -> 10. Jika sebuah isu memiliki dampak besar tetapi kemungkinan kecil, maka dalam analisis risiko: | B20: =ESG!B14 -> 0 | C20: =ESG!C14 -> 0 | D20: =ESG!D14 -> 1 | E20: =ESG!E14 -> 1 | F20: =ESG!F14 -> 1 | G20: =ESG!G14 -> 1 | H20: =ESG!H14 -> 0 | ... K20: =ESG!K14 -> 0 | L20: =COUNTIF($B$8:$K$8,"Laki-Laki") -> 5 | M20: =COUNTIF($B$8:$K$8,"Perempuan") -> 5 | N20: =SUMIF($B$8:$K$8,"Laki-Laki",ESG!B14:K14) -> 2 | O20: =SUMIF($B$8:$K$8,"Perempuan",ESG!B14:K14) -> 2 | P20: =IF(N20=0,0.3,IF(N20=L20,L20-0.3,N20)) -> 2 | Q20: =IF(O20=0,0.3,IF(O20=M20,M20-0.3,O20)) -> 2 | R20: =LN((L20-P20)/P20) -> 0.40546511 | S20: =LN((M20-Q20)/Q20) -> 0.40546511 | T20: =R20-AVERAGE($R$11:$R$110) -> 0.46732719 | U20: =S20-AVERAGE($S$11:$S$110) -> 0.46732719 | V20: =SQRT(1/P20+1/(L20-P20)) -> 0.91287093 | W20: =SQRT(1/Q20+1/(M20-Q20)) -> 0.91287093 | X20: =T20-U20 -> 0 | Y20: =SQRT(V20^2+W20^2) -> 1.2909944 | Z20: =X20/Y20 -> 0 | AA20: =IF(AND(ABS(X20)>=$B$4,ABS(Z20)>=$B$5),"DIF Besar - review",IF(AND(ABS(X20)>=$B$3,ABS(Z20)>=$B$5),"DIF Moderat - cek","Negligible")) -> Negligible | AB20: =IF(ABS(X20)>=$B$4,"Berpotensi Bias - Tinjau Konten",IF(ABS(X20)>=$B$3,"Indikasi Ringan - Pantau","Tidak Ada Indikasi Bias")) -> Tidak Ada Indikasi Bias
A21: =ESG!A15 -> 11. Ketika melakukan penilaian dampak sosial, aspek paling penting adalah: | B21: =ESG!B15 -> 1 | C21: =ESG!C15 -> 1 | D21: =ESG!D15 -> 1 | E21: =ESG!E15 -> 0 | F21: =ESG!F15 -> 1 | G21: =ESG!G15 -> 0 | H21: =ESG!H15 -> 0 | ... K21: =ESG!K15 -> 0 | L21: =COUNTIF($B$8:$K$8,"Laki-Laki") -> 5 | M21: =COUNTIF($B$8:$K$8,"Perempuan") -> 5 | N21: =SUMIF($B$8:$K$8,"Laki-Laki",ESG!B15:K15) -> 2 | O21: =SUMIF($B$8:$K$8,"Perempuan",ESG!B15:K15) -> 2 | P21: =IF(N21=0,0.3,IF(N21=L21,L21-0.3,N21)) -> 2 | Q21: =IF(O21=0,0.3,IF(O21=M21,M21-0.3,O21)) -> 2 | R21: =LN((L21-P21)/P21) -> 0.40546511 | S21: =LN((M21-Q21)/Q21) -> 0.40546511 | T21: =R21-AVERAGE($R$11:$R$110) -> 0.46732719 | U21: =S21-AVERAGE($S$11:$S$110) -> 0.46732719 | V21: =SQRT(1/P21+1/(L21-P21)) -> 0.91287093 | W21: =SQRT(1/Q21+1/(M21-Q21)) -> 0.91287093 | X21: =T21-U21 -> 0 | Y21: =SQRT(V21^2+W21^2) -> 1.2909944 | Z21: =X21/Y21 -> 0 | AA21: =IF(AND(ABS(X21)>=$B$4,ABS(Z21)>=$B$5),"DIF Besar - review",IF(AND(ABS(X21)>=$B$3,ABS(Z21)>=$B$5),"DIF Moderat - cek","Negligible")) -> Negligible | AB21: =IF(ABS(X21)>=$B$4,"Berpotensi Bias - Tinjau Konten",IF(ABS(X21)>=$B$3,"Indikasi Ringan - Pantau","Tidak Ada Indikasi Bias")) -> Tidak Ada Indikasi Bias
A22: =ESG!A16 -> 12. ESG Officer yang profesional harus menghindari: | B22: =ESG!B16 -> 0 | C22: =ESG!C16 -> 0 | D22: =ESG!D16 -> 1 | E22: =ESG!E16 -> 0 | F22: =ESG!F16 -> 1 | G22: =ESG!G16 -> 0 | H22: =ESG!H16 -> 1 | ... K22: =ESG!K16 -> 1 | L22: =COUNTIF($B$8:$K$8,"Laki-Laki") -> 5 | M22: =COUNTIF($B$8:$K$8,"Perempuan") -> 5 | N22: =SUMIF($B$8:$K$8,"Laki-Laki",ESG!B16:K16) -> 3 | O22: =SUMIF($B$8:$K$8,"Perempuan",ESG!B16:K16) -> 3 | P22: =IF(N22=0,0.3,IF(N22=L22,L22-0.3,N22)) -> 3 | Q22: =IF(O22=0,0.3,IF(O22=M22,M22-0.3,O22)) -> 3 | R22: =LN((L22-P22)/P22) -> -0.40546511 | S22: =LN((M22-Q22)/Q22) -> -0.40546511 | T22: =R22-AVERAGE($R$11:$R$110) -> -0.34360302 | U22: =S22-AVERAGE($S$11:$S$110) -> -0.34360302 | V22: =SQRT(1/P22+1/(L22-P22)) -> 0.91287093 | W22: =SQRT(1/Q22+1/(M22-Q22)) -> 0.91287093 | X22: =T22-U22 -> 0 | Y22: =SQRT(V22^2+W22^2) -> 1.2909944 | Z22: =X22/Y22 -> 0 | AA22: =IF(AND(ABS(X22)>=$B$4,ABS(Z22)>=$B$5),"DIF Besar - review",IF(AND(ABS(X22)>=$B$3,ABS(Z22)>=$B$5),"DIF Moderat - cek","Negligible")) -> Negligible | AB22: =IF(ABS(X22)>=$B$4,"Berpotensi Bias - Tinjau Konten",IF(ABS(X22)>=$B$3,"Indikasi Ringan - Pantau","Tidak Ada Indikasi Bias")) -> Tidak Ada Indikasi Bias
... A110: =ESG!A104 -> 100. Tujuan akhir dari peran ESG Officer adalah: | B110: =ESG!B104 -> 1 | C110: =ESG!C104 -> 1 | D110: =ESG!D104 -> 1 | E110: =ESG!E104 -> 0 | F110: =ESG!F104 -> 1 | G110: =ESG!G104 -> 0 | H110: =ESG!H104 -> 0 | ... K110: =ESG!K104 -> 0 | L110: =COUNTIF($B$8:$K$8,"Laki-Laki") -> 5 | M110: =COUNTIF($B$8:$K$8,"Perempuan") -> 5 | N110: =SUMIF($B$8:$K$8,"Laki-Laki",ESG!B104:K104) -> 2 | O110: =SUMIF($B$8:$K$8,"Perempuan",ESG!B104:K104) -> 2 | P110: =IF(N110=0,0.3,IF(N110=L110,L110-0.3,N110)) -> 2 | Q110: =IF(O110=0,0.3,IF(O110=M110,M110-0.3,O110)) -> 2 | R110: =LN((L110-P110)/P110) -> 0.40546511 | S110: =LN((M110-Q110)/Q110) -> 0.40546511 | T110: =R110-AVERAGE($R$11:$R$110) -> 0.46732719 | U110: =S110-AVERAGE($S$11:$S$110) -> 0.46732719 | V110: =SQRT(1/P110+1/(L110-P110)) -> 0.91287093 | W110: =SQRT(1/Q110+1/(M110-Q110)) -> 0.91287093 | X110: =T110-U110 -> 0 | Y110: =SQRT(V110^2+W110^2) -> 1.2909944 | Z110: =X110/Y110 -> 0 | AA110: =IF(AND(ABS(X110)>=$B$4,ABS(Z110)>=$B$5),"DIF Besar - review",IF(AND(ABS(X110)>=$B$3,ABS(Z110)>=$B$5),"DIF Moderat - cek","Negligible")) -> Negligible | AB110: =IF(ABS(X110)>=$B$4,"Berpotensi Bias - Tinjau Konten",IF(ABS(X110)>=$B$3,"Indikasi Ringan - Pantau","Tidak Ada Indikasi Bias")) -> Tidak Ada Indikasi Bias
B111: =SUM(B11:B110) -> 84 | C111: =SUM(C11:C110) -> 84 | D111: =SUM(D11:D110) -> 79 | E111: =SUM(E11:E110) -> 50 | F111: =SUM(F11:F110) -> 79 | G111: =SUM(G11:G110) -> 50 | H111: =SUM(H11:H110) -> 20 | I111: =SUM(I11:I110) -> 20 | ... K111: =SUM(K11:K110) -> 24

Sheet DIF-Rasch-SBO
A1: UJI RASCH DIF (Pendekatan PROX) — Skema SBO
A3: Ambang DIF (logit) - Moderat | B3: 0.5 | N3: Ringkasan Signifikansi Statistik (t-test) | Q3: Ringkasan Kesimpulan Praktis (Kontras)
A4: Ambang DIF (logit) - Besar | B4: 1 | N4: DIF Besar - review | O4: =COUNTIF($AA$11:$AA$110,"DIF Besar - review") -> 0 | Q4: Berpotensi Bias - Tinjau Konten | R4: =COUNTIF($AB$11:$AB$110,"Berpotensi Bias - Tinjau Konten") -> 0
A5: Ambang |t| minimum | B5: 2 | N5: DIF Moderat - cek | O5: =COUNTIF($AA$11:$AA$110,"DIF Moderat - cek") -> 0 | Q5: Indikasi Ringan - Pantau | R5: =COUNTIF($AB$11:$AB$110,"Indikasi Ringan - Pantau") -> 0
A6: Kontras DIF Maksimum (data ini) | B6: =_xlfn.AGGREGATE(14,6,ABS(X11:X110),1) -> 0 | N6: Negligible | O6: =COUNTIF($AA$11:$AA$110,"Negligible") -> 100 | Q6: Tidak Ada Indikasi Bias | R6: =COUNTIF($AB$11:$AB$110,"Tidak Ada Indikasi Bias") -> 100
A8: Jenis Kelamin | B8: =SBO!B2 -> Perempuan | C8: =SBO!C2 -> Laki-Laki | D8: =SBO!D2 -> Perempuan | E8: =SBO!E2 -> Perempuan | F8: =SBO!F2 -> Laki-Laki | G8: =SBO!G2 -> Laki-Laki | H8: =SBO!H2 -> Perempuan | I8: =SBO!I2 -> Laki-Laki | ... K8: =SBO!K2 -> Laki-Laki
A9: Soal | B9: Asesi | L9: N (L) | M9: N (P) | N9: S (L) | O9: S (P) | P9: S adj (L) | Q9: S adj (P) | R9: β mentah (L) | S9: β mentah (P) | T9: β center (L) | U9: β center (P) | V9: SE (L) | W9: SE (P) | X9: Kontras DIF | Y9: SE Gabungan | Z9: t-stat | AA9: Klasifikasi DIF | AB9: Kesimpulan Praktis (Kontras)
B10: 1 | C10: 2 | D10: 3 | E10: 4 | F10: 5 | G10: 6 | H10: 7 | I10: 8 | J10: 9 | K10: 10
